timestamp,range,doppler,azimuth,elevation,power,x,y,z,comp_height,comp_velocity,u,v,label,instance
1665133946.985338,11.6343,0.0,-39.0816,0.3101,3.73,-7.33446,0.0629676,9.03098,0.7070324,0.0,98,534,0,1
1665133946.985338,12.0652,0.0,-38.64,0.0,11.4,-7.53381,0.0,9.42394,0.77,0.0,110,526,0,1
1665133946.985338,12.4961,0.0,-32.2368,0.0,16.28,-6.66567,0.0,10.5698,0.77,0.0,284,521,0,1
1665133946.985338,12.927,0.0,-32.2368,-0.1329,18.28,-6.8955,-0.0299847,10.9343,0.7999847,0.0,284,518,0,1
1665133946.985338,13.3579,0.0,-32.2368,-0.1329,16.16,-7.12535,-0.0309842,11.2988,0.8009842,0.0,284,517,0,1
1665133946.985338,14.2197,0.0,4.0848,-0.4873,12.36,1.01287,-0.120937,14.1831,0.890937,0.0,1020,491,0,4
1665133946.985338,14.6506,0.0,4.0848,-0.6645,16.27,1.04353,-0.16991,14.6124,0.93991,0.0,1020,488,0,4
1665133946.985338,15.0815,0.0,7.3968,-19.2705,15.37,1.83281,-4.97732,14.118,5.74732,0.0,1075,123,-1,0
1665133946.985338,15.5124,0.0,1.7664,0.0,12.73,0.478164,0.0,15.505,0.77,0.0,977,501,0,4
1665133946.985338,15.9433,0.0,1.7664,-0.6645,11.8,0.491413,-0.184902,15.9347,0.954902,0.0,977,488,0,4
1665133946.985338,16.8051,0.0,0.0,-2.215,14.02,0.0,-0.649507,16.7925,1.419507,0.0,944,460,0,4
1665133946.985338,17.236,0.0,-0.3312,-2.3922,11.95,-0.0995458,-0.719424,17.2207,1.489424,0.0,938,457,0,4
1665133946.985338,17.6669,0.0,-1.4352,-6.6893,9.51,-0.439479,-2.05793,17.5411,2.82793,0.0,915,377,-1,0
1665133946.985338,18.0978,0.0,-1.7664,0.8417,9.26,-0.557797,0.265855,18.0872,0.5041450000000001,0.0,912,517,-1,0
1665133946.985338,18.5287,0.0,-2.5392,-4.6072,9.71,-0.818223,-1.4883,18.4507,2.2583,0.0,896,416,0,4
1665133946.985338,18.9596,0.0,-2.9808,-4.6072,10.49,-0.982738,-1.52291,18.8728,2.29291,0.0,887,416,-1,0
1665133946.985338,19.3905,0.0,-2.9808,0.0,6.87,-1.00833,0.0,19.3643,0.77,0.0,889,501,-1,0
1665133946.985338,29.7321,0.0,-31.3536,-2.7466,11.44,-15.4524,-1.42473,25.3612,2.19473,0.0,304,455,-1,0
1665133946.985338,30.163,0.0,-31.3536,-2.7466,9.43,-15.6763,-1.44538,25.7288,2.21538,0.0,304,455,-1,0
1665133946.985338,30.5939,0.0,-31.3536,-2.9238,10.87,-15.8978,-1.56053,26.0923,2.33053,0.0,304,451,-1,0
1665133946.985338,31.0248,0.0,-31.7952,-2.9238,11.08,-16.3252,-1.58251,26.3348,2.35251,0.0,293,451,-1,0
1665133946.985338,35.7647,0.0,-29.1456,-1.0189,8.98,-17.4158,-0.635976,31.2314,1.405976,0.0,358,491,-1,0
1665133946.985338,36.6265,0.0,43.608,-2.3922,7.87,25.24,-1.52878,26.4972,2.29878,0.0,1981,411,-1,0
1665133946.985338,36.6265,0.0,-29.5872,-1.0189,9.51,-18.0814,-0.651301,31.8456,1.421301,0.0,348,491,-1,0
1665133946.985338,37.9192,0.0,46.2576,-1.8606,8.91,27.3805,-1.23116,26.2042,2.00116,0.0,2084,420,-1,0
1665133946.985338,38.3501,0.0,45.7056,-1.8606,9.74,27.435,-1.24515,26.7675,2.01515,0.0,2062,421,-1,0
1665133946.985338,38.781,0.0,45.7056,-1.8606,11.23,27.7433,-1.25914,27.0683,2.02914,0.0,2062,421,-1,0
1665133946.985338,39.2119,0.0,45.7056,-2.215,11.24,28.0454,-1.51552,27.363,2.28552,0.0,2062,411,-1,0
1665133946.985338,39.6428,0.0,45.7056,-2.215,8.89,28.3536,-1.53217,27.6637,2.3021700000000003,0.0,2062,411,-1,0
1665133946.985338,47.399,0.0,24.6192,-4.4743,16.61,19.6856,-3.69769,42.9589,4.46769,0.0,1436,392,-1,0
1665133946.985338,47.8299,0.0,23.2944,-4.4743,19.84,18.857,-3.7313,43.7972,4.5013000000000005,0.0,1406,394,-1,0
1665133946.985338,48.2608,0.0,22.9632,-4.2971,18.36,18.7755,-3.6161,44.3115,4.3861,0.0,1399,398,-1,0
1665133946.985338,48.6917,0.0,22.9632,-4.1199,12.59,18.9475,-3.4982,44.7173,4.2682,0.0,1399,402,-1,0
1665133946.985338,49.1226,0.0,22.5216,-3.2339,8.63,18.7856,-2.77112,45.304,3.54112,0.0,1390,420,-1,0
1665133946.985338,49.5535,0.0,21.7488,9.1258,13.22,18.129,7.85932,45.4436,-7.089320000000001,0.0,1378,672,-1,0
1665133946.985338,49.9844,0.0,20.976,-3.0567,17.68,17.8678,-2.66538,46.6056,3.43538,0.0,1356,425,-1,0
1665133946.985338,50.4153,0.0,20.976,-3.0567,17.28,18.0218,-2.68835,47.0073,3.45835,0.0,1356,425,-1,0
1665133946.985338,50.8462,0.0,20.5344,-3.0567,11.8,17.8099,-2.71133,47.5478,3.48133,0.0,1346,426,-1,0
1665133946.985338,51.2771,0.0,19.32,-3.0567,10.7,16.9406,-2.73431,48.3206,3.50431,0.0,1320,427,-1,0
1665133946.985338,51.708,0.0,18.9888,-3.0567,12.24,16.801,-2.75729,48.8246,3.52729,0.0,1313,427,-1,0
1665133946.985338,52.1389,0.0,18.5472,-3.0567,10.32,16.561,-2.78026,49.3606,3.55026,0.0,1304,427,-1,0
1665133946.985338,52.5698,0.0,18.5472,-3.0567,10.89,16.6979,-2.80324,49.7685,3.57324,0.0,1304,427,-1,0
1665133946.985338,53.0007,0.1332,18.5472,-2.9238,10.17,16.8368,-2.70345,50.1825,3.47345,0.1332,1304,430,-1,0
1665133946.985338,53.4316,0.0,17.0016,-2.5694,20.19,15.6076,-2.39531,51.0451,3.16531,0.0,1272,438,-1,0
1665133946.985338,53.8625,0.0,19.32,-4.1199,23.16,17.774,-3.86969,50.6979,4.63969,0.0,1320,405,-1,0
1665133946.985338,54.2934,0.0,19.32,-4.1199,21.55,17.9162,-3.90065,51.1035,4.67065,0.0,1320,405,-1,0
1665133946.985338,54.7243,0.0,19.32,-4.1199,13.83,18.0584,-3.93161,51.5091,4.7016100000000005,0.0,1320,405,-1,0
1665133946.985338,56.017,0.0,16.56,-3.7655,16.09,15.9315,-3.67881,53.5776,4.44881,0.0,1262,415,-1,0
1665133946.985338,56.4479,0.0,14.2416,-2.9238,12.71,13.8687,-2.87928,54.6419,3.64928,0.0,1216,433,-1,0
1665133946.985338,56.8788,0.0,14.6832,-3.2339,10.73,14.3944,-3.20866,54.9336,3.97866,0.0,1224,427,-1,0
1665133946.985338,57.7406,0.0,19.7616,-2.215,11.21,19.5079,-2.23164,54.2995,3.00164,0.0,1330,443,-1,0
1665133946.985338,58.1715,0.0,19.7616,-2.215,9.21,19.6535,-2.24829,54.7047,3.01829,0.0,1330,443,-1,0
1665133946.985338,62.4805,0.0,10.8192,3.9427,12.87,11.7005,4.29608,61.2246,-3.52608,0.0,1151,566,-1,0
1665133946.985338,62.9114,0.0,10.8192,3.4111,19.75,11.7882,3.74321,61.6836,-2.97321,0.0,1151,556,-1,0
1665133946.985338,63.3423,0.0,10.488,2.7466,23.32,11.5169,3.03529,62.2125,-2.26529,0.0,1144,543,-1,0
1665133946.985338,63.7732,0.0,10.488,1.8606,22.12,11.6025,2.07058,62.6747,-1.30058,0.0,1144,526,-1,0
1665133946.985338,64.2041,0.0,10.0464,-4.8287,17.98,11.1604,-5.40451,62.9953,6.17451,0.0,1133,400,-1,0
1665133946.985338,65.0659,0.0,9.7152,-7.0437,14.71,10.8971,-7.97879,63.6488,8.74879,0.0,1125,357,-1,0
1665133946.985338,65.4968,0.0,15.0144,-7.0437,12.5,16.8397,-8.03163,62.7834,8.80163,0.0,1230,352,-1,0
1665133946.985338,65.9277,0.0,8.5008,-2.215,11.25,9.73836,-2.54807,65.1547,3.31807,0.0,1104,450,-1,0
1665133946.985338,66.3586,0.0,8.5008,-2.0378,8.03,9.80314,-2.35963,65.5881,3.12963,0.0,1104,454,-1,0
1665133946.985338,66.7895,0.0,8.5008,-2.215,11.35,9.86566,-2.58138,66.0064,3.35138,0.0,1104,450,-1,0
1665133946.985338,67.2204,0.0,8.5008,-2.215,11.74,9.92931,-2.59803,66.4322,3.36803,0.0,1104,450,-1,0
1665133946.985338,106.001,0.0,-5.52,-1.8606,9.5,-10.1912,-3.44164,105.454,4.21164,0.0,842,463,-1,0
1665133946.985338,106.432,0.0,-5.1888,-1.0189,8.78,-9.62399,-1.8926,105.979,2.6626000000000003,0.0,848,478,-1,0
1665133946.985338,106.863,0.1332,-5.1888,-0.8417,8.02,-9.66344,-1.56981,106.414,2.33981,0.1332,848,482,-1,0
1665133946.985338,107.294,0.0,-5.1888,-0.8417,10.07,-9.70241,-1.57614,106.843,2.34614,0.0,848,482,-1,0
1665133946.985338,118.928,0.0,-5.9616,-4.2971,12.03,-12.3174,-8.9111,117.953,9.6811,0.0,832,417,-1,0
1665133946.985338,119.359,0.0,-5.52,-4.2971,12.91,-11.4493,-8.94338,118.472,9.71338,0.0,841,417,-1,0
1665133946.985338,119.79,0.0,-5.1888,-4.2971,10.0,-10.8031,-8.97567,118.964,9.74567,0.0,847,417,-1,0
1665133946.985338,121.083,0.0,-5.9616,-3.7655,7.95,-12.5488,-7.95189,120.168,8.72189,0.0,832,427,-1,0
1665133946.985338,121.514,0.0,-6.2928,-3.7655,8.15,-13.2903,-7.98018,120.521,8.75018,0.0,826,428,-1,0
1665133946.985338,121.945,0.0,-6.2928,-3.7655,8.06,-13.3374,-8.00848,120.948,8.77848,0.0,826,427,-1,0
1665133946.985338,125.392,0.0,-7.0656,-3.7655,9.66,-15.3906,-8.23487,124.171,9.00487,0.0,812,428,-1,0
1665133946.985338,125.823,0.0,-7.0656,-3.7655,8.82,-15.4435,-8.26317,124.598,9.03317,0.0,812,428,-1,0
1665133946.985338,126.254,0.0,-7.0656,-3.9427,10.48,-15.4932,-8.68105,124.998,9.45105,0.0,812,424,-1,0
1665133946.985338,127.546,0.0,-6.2928,-3.0567,7.32,-13.9604,-6.80131,126.598,7.57131,0.0,827,441,-1,0
1665133946.985338,127.977,0.0,-6.624,-3.0567,11.38,-14.7416,-6.82428,126.942,7.594279999999999,0.0,820,441,-1,0
1665133946.985338,128.408,0.0,-8.5008,-3.0567,11.97,-18.9547,-6.84726,126.817,7.61726,0.0,785,441,-1,0
1665133946.985338,128.839,0.0,-8.1696,-3.7655,10.43,-18.269,-8.46126,127.256,9.23126,0.0,791,428,-1,0
1665133946.985338,129.27,0.0,-8.1696,-3.2339,11.59,-18.3405,-7.29241,127.754,8.06241,0.0,791,438,-1,0
1665133946.985338,129.701,0.0,-8.1696,-3.2339,13.53,-18.4016,-7.31672,128.18,8.08672,0.0,791,438,-1,0
1665133946.985338,130.132,0.0,-8.5008,-3.2339,9.93,-19.2059,-7.34103,128.497,8.11103,0.0,785,438,-1,0
1665133946.985338,137.457,0.0,-11.1504,-3.2339,10.25,-26.5398,-7.75426,134.648,8.52426,0.0,735,439,-1,0
1665133946.985338,137.888,0.0,-11.1504,-3.2339,13.43,-26.623,-7.77857,135.07,8.54857,0.0,735,439,-1,0
1665133946.985338,138.319,0.0,-9.7152,-4.1199,11.94,-23.2811,-9.93737,135.983,10.70737,0.0,762,422,-1,0
1665133946.985338,138.75,0.0,-9.7152,-4.1199,13.52,-23.3536,-9.96832,136.407,10.73832,0.0,762,422,-1,0
1665133946.985338,153.831,0.0,-15.7872,-3.0567,13.61,-41.7926,-8.20293,147.818,8.97293,0.0,644,443,-1,0
1665133946.985338,154.262,0.0,-16.56,-3.0567,14.63,-43.9051,-8.2259,147.653,8.995899999999999,0.0,629,444,-1,0
1665133946.985338,154.693,0.0,-16.2288,-3.2339,11.67,-43.1638,-8.72658,148.293,9.49658,0.0,636,440,-1,0
1665133946.985338,155.124,0.0,-16.56,-3.2339,9.95,-44.1429,-8.75089,148.453,9.52089,0.0,629,440,-1,0
1665133946.985338,157.709,0.0,-11.592,-2.5694,12.85,-31.6584,-7.07003,154.337,7.84003,0.0,726,451,-1,0
1665133946.985338,158.14,0.0,-16.2288,-2.5694,12.68,-44.1516,-7.08934,151.686,7.859339999999999,0.0,636,453,-1,0
1665133946.985338,158.571,0.0,-16.2288,-1.8606,16.22,-44.2931,-5.14847,152.172,5.918469999999999,0.0,636,466,-1,0
1665133946.985338,159.433,0.0,-16.56,-3.2339,16.28,-45.3691,-8.99397,152.577,9.76397,0.0,629,440,-1,0
1665133946.985338,159.864,0.0,-17.0016,-3.2339,13.33,-46.6695,-9.01828,152.634,9.78828,0.0,620,440,-1,0
1665133946.985338,160.295,0.0,-10.0464,-3.4111,12.13,-27.9132,-9.5375,157.557,10.3075,0.0,756,435,-1,0
1665133946.985338,161.587,0.0,-18.1056,-3.7655,14.81,-50.108,-10.6119,153.255,11.3819,0.0,598,430,-1,0
1665133946.985338,162.018,0.0,-17.7744,-3.7655,12.46,-49.3526,-10.6402,153.952,11.4102,0.0,604,430,-1,0
1665133946.985338,162.449,0.0,-17.7744,-3.4111,12.77,-49.503,-9.6657,154.421,10.4357,0.0,605,437,-1,0
1665133946.985338,162.88,0.0,-17.3328,-2.7466,13.01,-48.4698,-7.80503,155.305,8.57503,0.0,614,450,-1,0
1665133946.985338,164.604,0.0,-19.32,-2.7466,12.71,-54.3956,-7.88763,155.156,8.65763,0.0,573,450,-1,0
1665133946.985338,165.035,0.0,-18.9888,-2.7466,14.71,-53.6379,-7.90827,155.875,8.67827,0.0,580,450,-1,0
1665133946.985338,165.466,0.0,-18.9888,-2.9238,14.66,-53.7697,-8.44003,156.258,9.21003,0.0,580,446,-1,0
1665133946.985338,165.896,0.0,-18.9888,-3.2339,16.26,-53.894,-9.35859,156.619,10.12859,0.0,580,440,-1,0
1665133946.985338,166.327,0.0,-19.32,-3.7655,14.64,-54.9096,-10.9232,156.622,11.6932,0.0,573,430,-1,0
1665133946.985338,166.758,0.0,-18.5472,-3.2339,11.85,-52.959,-9.40721,157.845,10.17721,0.0,589,440,-1,0
1665133946.985338,167.189,0.0,-18.5472,-3.2339,11.35,-53.0958,-9.43152,158.253,10.20152,0.0,589,440,-1,0
1665133946.985338,167.62,0.0,-18.9888,-2.7466,14.99,-54.4781,-8.03216,158.316,8.802159999999999,0.0,580,450,-1,0
1665133946.985338,168.051,0.0,-18.9888,-2.7466,17.91,-54.6182,-8.05281,158.723,8.822809999999999,0.0,580,450,-1,0
1665133946.985338,168.482,0.0,-15.7872,-2.7466,15.76,-45.7854,-8.07346,161.94,8.84346,0.0,645,449,-1,0
1665133946.985338,168.913,0.0,-18.9888,-2.9238,13.98,-54.8899,-8.61587,159.513,9.38587,0.0,580,446,-1,0
1665133946.985338,169.344,0.0,-18.9888,-3.0567,10.35,-55.0232,-9.03011,159.901,9.80011,0.0,580,444,-1,0
1665133946.985338,169.775,0.0,-18.5472,-3.0567,13.52,-53.9261,-9.05309,160.728,9.82309,0.0,589,444,-1,0
1665133946.985338,171.498,0.0,-20.0928,-3.7655,9.81,-58.7896,-11.2628,160.713,12.0328,0.0,557,430,-1,0
1665133946.985338,171.929,0.0,-10.488,-3.4111,13.31,-31.2407,-10.2297,168.757,10.9997,0.0,747,435,-1,0
1665133946.985338,172.36,0.0,-10.488,-3.2339,13.7,-31.3247,-9.72321,169.211,10.49321,0.0,747,439,-1,0
1665133946.985338,172.791,0.0,-20.0928,-3.0567,12.5,-59.2764,-9.21393,162.044,9.98393,0.0,557,444,-1,0
1665133946.985338,173.222,0.0,-20.0928,-3.2339,10.16,-59.4141,-9.77183,162.42,10.54183,0.0,557,441,-1,0
1665133946.985338,173.653,0.0,-20.0928,-3.4111,13.68,-59.5512,-10.3323,162.795,11.1023,0.0,557,437,-1,0
1665133946.985338,174.514,0.0,-20.0928,-2.9238,15.13,-59.875,-8.9016,163.68,9.6716,0.0,557,447,-1,0
1665133946.985338,174.945,0.0,-20.5344,-2.9238,11.78,-61.2857,-8.92358,163.616,9.69358,0.0,548,447,-1,0
1665133946.985338,175.376,0.0,-20.5344,-3.0567,11.28,-61.4292,-9.3518,164.0,10.1218,0.0,548,444,-1,0
1665133946.985338,175.807,0.0,-20.5344,-3.2339,13.74,-61.5696,-9.91768,164.375,10.68768,0.0,548,441,-1,0
1665133946.985338,176.238,0.0,-20.976,-3.0567,14.54,-62.9994,-9.39775,164.325,10.16775,0.0,539,444,-1,0
1665133946.985338,177.531,0.0,-20.0928,-3.0567,11.2,-60.9025,-9.46668,166.489,10.23668,0.0,557,444,-1,0
1665133946.985338,177.962,0.0,-10.488,-3.2339,12.37,-32.3427,-10.0392,174.71,10.8092,0.0,747,439,-1,0
1665133946.985338,178.393,0.0,-10.488,-3.0567,9.87,-32.4265,-9.51264,175.163,10.28264,0.0,747,442,-1,0
1665133946.985338,183.994,0.0,-22.5216,-3.0567,10.0,-70.3754,-9.81134,169.72,10.58134,0.0,506,444,-1,0
1665133946.985338,184.425,0.0,-22.5216,-3.0567,8.4,-70.5402,-9.83432,170.118,10.60432,0.0,506,444,-1,0
1665133946.985338,184.856,0.0,-22.5216,-2.9238,10.63,-70.7136,-9.4291,170.536,10.1991,0.0,506,447,-1,0
1665133946.985338,185.287,0.0,-22.5216,-2.9238,12.47,-70.8784,-9.45108,170.933,10.22108,0.0,506,447,-1,0
1665133946.985338,185.718,0.0,-22.5216,-2.5694,13.53,-71.0643,-8.32563,171.382,9.09563,0.0,506,454,-1,0
1665133946.985338,186.149,0.0,-21.7488,-2.5694,14.46,-68.9059,-8.34495,172.724,9.11495,0.0,523,454,-1,0
1665133946.985338,11.6343,0.0,-40.5168,0.8417,7.17,-7.55765,0.170907,8.84362,0.599093,0.0,55,549,0,1
1665133946.985338,12.0652,0.0,-41.0688,0.1329,3.69,-7.92639,0.0279857,9.09619,0.7420143,0.0,37,532,0,1
1665133946.985338,12.4961,0.0,-36.7632,-0.3101,11.95,-7.47892,-0.0676319,10.0107,0.8376319,0.0,164,517,0,1
1665133946.985338,12.927,0.0,-36.7632,-0.8417,15.37,-7.73609,-0.189896,10.3549,0.959896,0.0,164,505,0,1
1665133946.985338,12.927,0.0,-32.2368,-0.8417,16.38,-6.89477,-0.189896,10.9331,0.959896,0.0,283,502,0,1
1665133946.985338,13.7888,0.0,2.208,-1.0189,12.37,0.531162,-0.245196,13.7764,1.015196,0.0,985,483,0,4
1665133946.985338,14.2197,0.0,2.9808,-0.3101,8.56,0.739432,-0.0769604,14.2003,0.8469604000000001,0.0,1000,495,0,4
1665133946.985338,14.6506,0.0,3.312,-0.1329,11.76,0.846409,-0.0339827,14.6261,0.8039827,0.0,1006,498,0,4
1665133946.985338,15.5124,0.0,3.312,14.3975,13.69,0.868054,3.85712,15.0001,-3.08712,0.0,1012,774,-1,0
1665133946.985338,15.9433,0.0,0.3312,14.3975,13.18,0.0892658,3.96426,15.4423,-3.19426,0.0,957,775,-1,0
1665133946.985338,16.3742,0.0,0.0,-5.8476,10.2,0.0,-1.66825,16.289,2.43825,0.0,942,392,-1,0
1665133946.985338,16.8051,0.0,0.0,5.316,12.88,0.0,1.55697,16.7328,-0.78697,0.0,947,600,-1,0
1665133946.985338,17.236,0.0,-0.3312,-1.5062,14.05,-0.0995982,-0.45305,17.2298,1.22305,0.0,938,473,0,4
1665133946.985338,17.6669,0.0,-1.4352,-1.0189,10.88,-0.442421,-0.314157,17.6586,1.084157,0.0,918,482,0,4
1665133946.985338,18.0978,0.0,-2.9808,-1.3733,8.15,-0.940839,-0.433738,18.0681,1.203738,0.0,889,476,0,4
1665133946.985338,18.5287,0.0,-2.5392,-4.9616,9.19,-0.817799,-1.60251,18.4411,2.37251,0.0,896,409,0,4
1665133946.985338,18.9596,0.0,-2.208,-4.6072,10.76,-0.728103,-1.52291,18.8843,2.29291,0.0,902,416,-1,0
1665133946.985338,19.3905,0.0,-2.208,-4.6072,9.77,-0.74465,-1.55753,19.3135,2.3275300000000003,0.0,902,415,-1,0
1665133946.985338,28.8703,0.0,27.4896,-2.0378,11.76,13.3177,-1.02659,25.5945,1.79659,0.0,1505,442,0,2
1665133946.985338,30.163,0.0,-31.3536,-2.5694,14.26,-15.6786,-1.35219,25.7325,2.12219,0.0,304,459,-1,0
1665133946.985338,31.0248,0.0,-31.3536,-2.7466,15.53,-16.1242,-1.48667,26.4639,2.25667,0.0,304,455,-1,0
1665133946.985338,34.9029,0.0,-29.1456,-1.3733,8.18,-16.9939,-0.836494,30.4749,1.606494,0.0,358,483,-1,0
1665133946.985338,35.3338,0.0,-29.1456,-1.3733,8.94,-17.2037,-0.846821,30.8511,1.616821,0.0,358,483,-1,0
1665133946.985338,35.7647,0.0,-29.5872,-1.1961,10.68,-17.6549,-0.746565,31.0944,1.516565,0.0,348,487,-1,0
1665133946.985338,36.6265,0.0,-29.1456,-4.1199,7.92,-17.7921,-2.63139,31.9064,3.40139,0.0,357,425,-1,0
1665133946.985338,37.0574,0.0,-29.1456,-3.9427,11.3,-18.0054,-2.54802,32.2888,3.31802,0.0,357,429,-1,0
1665133946.985338,37.9192,0.0,46.2576,-2.215,10.64,27.3745,-1.46555,26.1984,2.23555,0.0,2084,410,-1,0
1665133946.985338,38.3501,0.0,45.7056,-2.215,10.03,27.429,-1.48221,26.7616,2.25221,0.0,2062,411,-1,0
1665133946.985338,38.781,0.0,45.7056,-1.8606,16.55,27.7433,-1.25914,27.0683,2.02914,0.0,2062,421,-1,0
1665133946.985338,39.2119,0.0,45.7056,-1.5062,19.56,28.0567,-1.03069,27.374,1.80069,0.0,2062,430,-1,0
1665133946.985338,39.6428,0.0,45.1536,-1.5062,18.78,28.097,-1.04202,27.9468,1.81202,0.0,2040,431,-1,0
1665133946.985338,47.399,0.0,24.9504,-4.4743,7.98,19.9336,-3.69769,42.8444,4.46769,0.0,1444,392,-1,0
1665133946.985338,47.8299,0.0,23.2944,-4.4743,8.8,18.857,-3.7313,43.7972,4.5013000000000005,0.0,1406,394,-1,0
1665133946.985338,48.2608,0.0,23.2944,-3.7655,13.77,19.0438,-3.16944,44.2311,3.93944,0.0,1407,408,-1,0
1665133946.985338,48.6917,0.0,23.2944,-3.4111,17.15,19.2213,-2.89714,44.6434,3.66714,0.0,1407,416,-1,0
1665133946.985338,49.1226,0.0,22.5216,-2.9238,16.08,18.791,-2.50564,45.3172,3.27564,0.0,1390,426,-1,0
1665133946.985338,49.5535,0.0,20.0928,-2.7466,9.5,17.0041,-2.37455,46.4841,3.14455,0.0,1337,432,-1,0
1665133946.985338,49.9844,0.0,21.3072,-2.7466,9.28,18.1419,-2.3952,46.5142,3.1652,0.0,1363,431,-1,0
1665133946.985338,50.4153,0.0,20.976,-2.215,12.91,18.034,-1.94852,47.0391,2.71852,0.0,1356,442,-1,0
1665133946.985338,50.8462,0.0,20.5344,-1.8606,11.79,17.8259,-1.65087,47.5904,2.42087,0.0,1347,450,-1,0
1665133946.985338,51.2771,0.0,19.7616,-3.0567,12.11,17.3125,-2.73431,48.1886,3.50431,0.0,1330,426,-1,0
1665133946.985338,51.708,0.0,18.9888,-3.0567,12.29,16.801,-2.75729,48.8246,3.52729,0.0,1313,427,-1,0
1665133946.985338,52.1389,0.0,18.9888,-2.9238,20.47,16.943,-2.65949,49.2374,3.42949,0.0,1313,430,-1,0
1665133946.985338,52.5698,0.0,18.9888,-2.5694,22.53,17.0881,-2.35668,49.6591,3.12668,0.0,1313,437,-1,0
1665133946.985338,53.0007,0.0,21.3072,-2.3922,20.54,19.242,-2.21223,49.3348,2.98223,0.0,1363,438,-1,0
1665133946.985338,53.4316,0.0,17.7744,-6.0248,9.39,16.221,-5.60812,50.6001,6.378120000000001,0.0,1286,369,-1,0
1665133946.985338,53.8625,0.0,19.32,-6.0248,10.84,17.7216,-5.65335,50.5485,6.423349999999999,0.0,1319,367,-1,0
1665133946.985338,54.2934,0.0,19.32,-5.6704,15.32,17.8747,-5.3645,50.9852,6.134499999999999,0.0,1319,374,-1,0
1665133946.985338,54.7243,0.0,19.32,-5.6704,16.11,18.0166,-5.40707,51.3898,6.1770700000000005,0.0,1319,374,-1,0
1665133946.985338,55.5861,0.0,15.7872,-2.3922,13.01,15.1099,-2.32014,53.4427,3.09014,0.0,1247,442,-1,0
1665133946.985338,56.017,0.0,14.6832,-2.3922,12.04,14.1865,-2.33813,54.1404,3.10813,0.0,1225,443,-1,0
1665133946.985338,56.4479,0.0,15.0144,-2.9238,11.33,14.6045,-2.87928,54.4498,3.64928,0.0,1231,433,-1,0
1665133946.985338,56.8788,0.0,15.0144,-3.5883,14.39,14.7062,-3.55986,54.8293,4.32986,0.0,1231,420,-1,0
1665133946.985338,57.3097,0.0,17.7744,-2.5694,12.04,17.4773,-2.56916,54.5192,3.33916,0.0,1288,437,-1,0
1665133946.985338,61.1878,0.0,11.1504,-2.9238,14.7,11.8174,-3.12105,59.9546,3.89105,0.0,1155,435,-1,0
1665133946.985338,61.6187,0.0,11.1504,-3.2339,20.47,11.8972,-3.47605,60.3592,4.24605,0.0,1155,429,-1,0
1665133946.985338,62.0496,0.0,11.1504,-3.2339,23.61,11.9804,-3.50036,60.7813,4.27036,0.0,1155,429,-1,0
1665133946.985338,62.4805,0.0,11.1504,-4.4743,22.83,12.046,-4.87422,61.1142,5.644220000000001,0.0,1154,406,-1,0
1665133946.985338,62.9114,0.0,10.488,-1.5062,18.03,11.4478,-1.65363,61.839,2.42363,0.0,1142,463,-1,0
1665133946.985338,63.3423,0.0,10.488,-1.8606,12.47,11.5241,-2.05659,62.2512,2.82659,0.0,1142,456,-1,0
1665133946.985338,63.7732,0.0,10.0464,-6.8665,14.45,11.0452,-7.62449,62.3449,8.39449,0.0,1132,361,-1,0
1665133946.985338,65.9277,0.0,8.5008,-1.8606,9.14,9.74051,-2.14053,65.169,2.91053,0.0,1104,457,-1,0
1665133946.985338,66.3586,0.0,8.5008,-2.0378,17.31,9.80314,-2.35963,65.5881,3.12963,0.0,1104,454,-1,0
1665133946.985338,66.7895,0.0,8.5008,-2.0378,20.92,9.8668,-2.37496,66.014,3.14496,0.0,1104,454,-1,0
1665133946.985338,67.2204,0.0,8.5008,-2.0378,18.79,9.93045,-2.39028,66.4399,3.16028,0.0,1104,453,-1,0
1665133946.985338,109.018,0.0,-5.1888,-3.4111,10.58,-9.84186,-6.48653,108.379,7.25653,0.0,847,434,-1,0
1665133946.985338,109.449,0.0,-5.1888,-3.2339,8.72,-9.88254,-6.17424,108.827,6.944240000000001,0.0,847,437,-1,0
1665133946.985338,109.88,0.0,-5.1888,-3.2339,8.77,-9.92145,-6.19855,109.255,6.9685500000000005,0.0,847,437,-1,0
1665133946.985338,121.083,0.0,-5.9616,-3.5883,7.32,-12.5512,-7.57818,120.192,8.34818,0.0,833,431,-1,0
1665133946.985338,121.514,0.0,-6.2928,-3.7655,9.57,-13.2903,-7.98018,120.521,8.75018,0.0,826,428,-1,0
1665133946.985338,121.945,0.0,-5.9616,-3.7655,9.96,-12.6381,-8.00848,121.023,8.77848,0.0,832,427,-1,0
1665133946.985338,125.392,0.0,-7.0656,-3.5883,7.69,-15.3937,-7.84787,124.196,8.61787,0.0,812,431,-1,0
1665133946.985338,125.823,0.0,-7.0656,-3.5883,12.02,-15.4466,-7.87484,124.622,8.64484,0.0,812,431,-1,0
1665133946.985338,126.254,0.0,-7.0656,-3.4111,12.64,-15.5024,-7.51207,125.073,8.28207,0.0,812,434,-1,0
1665133946.985338,127.546,0.0,-6.2928,-2.5694,9.18,-13.9662,-5.71784,126.65,6.48784,0.0,827,450,-1,0
1665133946.985338,127.977,0.0,-6.2928,-2.3922,11.2,-14.0153,-5.34173,127.095,6.11173,0.0,827,453,-1,0
1665133946.985338,128.408,0.0,-8.5008,-2.215,11.32,-18.9675,-4.9629,126.903,5.732900000000001,0.0,785,457,-1,0
1665133946.985338,128.408,0.0,-5.9616,-2.215,12.56,-13.3268,-4.9629,127.618,5.732900000000001,0.0,833,456,-1,0
1665133946.985338,128.839,0.0,-7.8384,-2.215,8.58,-17.5579,-4.97956,127.54,5.749560000000001,0.0,798,457,-1,0
1665133946.985338,154.262,0.0,-16.2288,-2.9238,8.32,-43.0561,-7.86857,147.923,8.63857,0.0,636,446,-1,0
1665133946.985338,154.693,0.0,-16.2288,-2.9238,12.07,-43.1764,-7.89055,148.336,8.66055,0.0,636,446,-1,0
1665133946.985338,155.124,0.0,-17.0016,-2.9238,12.8,-45.299,-7.91253,148.151,8.68253,0.0,620,446,-1,0
1665133946.985338,155.555,0.0,-14.6832,-2.9238,13.87,-39.3778,-7.93451,150.279,8.70451,0.0,666,446,-1,0
1665133946.985338,155.986,0.0,-14.6832,-2.9238,16.01,-39.4869,-7.95649,150.695,8.72649,0.0,666,446,-1,0
1665133946.985338,157.709,0.0,-17.0016,-3.2339,14.43,-46.0405,-8.89674,150.577,9.66674,0.0,620,440,-1,0
1665133946.985338,158.14,0.0,-16.2288,-2.9238,12.28,-44.1385,-8.06639,151.641,8.83639,0.0,636,446,-1,0
1665133946.985338,159.433,0.0,-15.7872,-2.3922,13.35,-43.3384,-6.65468,153.285,7.42468,0.0,645,456,-1,0
1665133946.985338,165.035,0.0,-18.9888,-3.2339,14.38,-53.614,-9.30998,155.805,10.07998,0.0,580,440,-1,0
1665133946.985338,165.466,0.0,-18.9888,-3.5883,17.49,-53.7342,-10.3559,156.155,11.1259,0.0,580,434,-1,0
1665133946.985338,165.896,0.0,-19.32,-2.3922,16.42,-54.838,-6.92446,156.418,7.694459999999999,0.0,573,457,-1,0
1665133946.985338,166.327,0.0,-19.32,-2.7466,12.54,-54.9652,-7.97022,156.78,8.74022,0.0,573,450,-1,0
1665133946.985338,166.758,0.0,-18.5472,-2.9238,9.74,-52.9744,-8.50597,157.891,9.27597,0.0,589,446,-1,0
1665133946.985338,167.189,0.0,-18.5472,-2.7466,12.68,-53.1194,-8.01151,158.324,8.781509999999999,0.0,589,450,-1,0
1665133946.985338,167.62,0.0,-18.9888,-2.9238,14.68,-54.4698,-8.54993,158.292,9.31993,0.0,580,446,-1,0
1665133946.985338,168.051,0.0,-18.9888,-3.0567,15.75,-54.6032,-8.96118,158.68,9.73118,0.0,580,444,-1,0
1665133946.985338,168.913,0.0,-18.9888,-2.3922,8.66,-54.9135,-7.05036,159.582,7.820360000000001,0.0,580,457,-1,0
1665133946.985338,169.344,0.0,-19.32,-2.5694,12.26,-55.97,-7.59159,159.647,8.36159,0.0,573,453,-1,0
1665133946.985338,169.775,0.0,-18.5472,-2.7466,11.42,-53.9408,-8.1354,160.772,8.9054,0.0,589,450,-1,0
1665133946.985338,170.636,0.0,-19.7616,-2.5694,11.34,-57.6354,-7.64954,160.426,8.41954,0.0,564,454,-1,0
1665133946.985338,171.067,0.0,-19.32,-3.2339,11.93,-56.5064,-9.65029,161.177,10.42029,0.0,573,440,-1,0
1665133946.985338,171.498,0.0,-19.32,-3.2339,14.34,-56.6488,-9.6746,161.583,10.4446,0.0,573,440,-1,0
1665133946.985338,171.929,0.0,-10.488,-3.0567,14.14,-31.2517,-9.16798,168.816,9.93798,0.0,747,442,-1,0
1665133946.985338,172.36,0.0,-10.488,-2.9238,12.64,-31.3338,-8.7917,169.26,9.5617,0.0,747,444,-1,0
1665133946.985338,172.791,0.0,-19.7616,-2.9238,12.98,-58.3458,-8.81368,162.403,9.58368,0.0,564,447,-1,0
1665133946.985338,173.222,0.0,-20.0928,-3.2339,14.24,-59.4141,-9.77183,162.42,10.54183,0.0,557,441,-1,0
1665133946.985338,173.653,0.0,-20.0928,-3.2339,15.43,-59.5619,-9.79614,162.824,10.56614,0.0,557,441,-1,0
1665133946.985338,174.514,0.0,-20.5344,-2.215,8.18,-61.1687,-6.74488,163.304,7.51488,0.0,548,461,-1,0
1665133946.985338,174.945,0.0,-20.5344,-2.3922,9.07,-61.3121,-7.30216,163.687,8.07216,0.0,548,457,-1,0
1665133946.985338,177.1,0.0,-18.9888,-2.7466,10.68,-57.5592,-8.48642,167.27,9.25642,0.0,580,450,-1,0
1665133946.985338,177.531,0.0,-10.0464,-2.9238,9.71,-30.9292,-9.05545,174.581,9.82545,0.0,756,444,-1,0
1665133946.985338,177.962,0.0,-10.488,-2.9238,12.1,-32.3521,-9.07743,174.761,9.84743,0.0,747,444,-1,0
1665133946.985338,178.393,0.0,-10.488,-3.2339,15.23,-32.421,-10.0635,175.133,10.8335,0.0,747,439,-1,0
1665133946.985338,184.425,0.0,-22.08,-2.5694,10.91,-69.2559,-8.26768,170.728,9.03768,0.0,516,454,-1,0
1665133946.985338,184.856,0.0,-22.08,-2.5694,10.31,-69.4177,-8.287,171.127,9.057,0.0,516,454,-1,0
1665133946.985338,185.287,0.0,-22.08,-2.3922,13.38,-69.5888,-7.73381,171.548,8.50381,0.0,516,457,-1,0
1665133946.985338,185.718,0.0,-21.7488,-2.3922,12.79,-68.7556,-7.7518,172.348,8.5218,0.0,523,457,-1,0
1665133946.985338,11.6343,0.0,-38.64,0.6645,3.79,-7.26426,0.134928,9.08676,0.6350720000000001,0.0,111,542,0,1
1665133946.985338,12.0652,0.0,-37.6464,0.1329,12.83,-7.36924,0.0279857,9.55314,0.7420143,0.0,139,529,0,1
1665133946.985338,12.4961,0.0,-37.2048,-0.1329,15.32,-7.55594,-0.0289852,9.95286,0.7989852000000001,0.0,152,522,0,1
1665133946.985338,12.927,0.0,-32.2368,-0.3101,15.43,-6.89541,-0.069964,10.9342,0.839964,0.0,284,514,0,1
1665133946.985338,13.3579,0.0,-32.2368,-0.3101,12.25,-7.12526,-0.0722962,11.2986,0.8422962,0.0,284,513,0,1
1665133946.985338,14.2197,0.0,3.6432,-0.1329,10.79,0.90356,-0.0329832,14.1909,0.8029832,0.0,1012,498,0,4
1665133946.985338,14.6506,0.0,6.2928,-0.1329,13.46,1.60584,-0.0339827,14.5623,0.8039827,0.0,1062,497,0,4
1665133946.985338,15.0815,0.0,7.0656,-0.3101,12.84,1.85508,-0.0816247,14.9668,0.8516247,0.0,1077,493,0,4
1665133946.985338,15.5124,0.0,4.0848,-18.3845,12.02,1.04859,-4.89249,14.6833,5.66249,0.0,1013,146,-1,0
1665133946.985338,15.9433,0.0,4.0848,-6.5564,9.88,1.12826,-1.82043,15.7988,2.59043,0.0,1018,377,-1,0
1665133946.985338,16.3742,0.0,0.0,-5.8476,13.24,0.0,-1.66825,16.289,2.43825,0.0,942,392,-1,0
1665133946.985338,16.8051,0.0,0.0,-1.5062,14.27,0.0,-0.441724,16.7993,1.211724,0.0,944,473,0,4
1665133946.985338,17.236,0.0,-0.3312,-1.5062,11.83,-0.0995982,-0.45305,17.2298,1.22305,0.0,938,473,0,4
1665133946.985338,17.6669,0.0,-1.104,-1.3733,9.72,-0.340295,-0.42341,17.6585,1.19341,0.0,924,476,0,4
1665133946.985338,18.5287,0.0,-2.208,-4.8287,11.34,-0.711328,-1.55969,18.4492,2.3296900000000003,0.0,902,412,0,4
1665133946.985338,18.9596,0.0,-2.208,-4.6072,9.66,-0.728103,-1.52291,18.8843,2.29291,0.0,902,416,-1,0
1665133946.985338,19.3905,0.0,-2.208,-4.6072,6.07,-0.74465,-1.55753,19.3135,2.3275300000000003,0.0,902,415,-1,0
1665133946.985338,26.7158,0.0,34.4448,11.075,9.04,14.8294,5.13194,21.6215,-4.361940000000001,0.0,1693,738,-1,0
1665133946.985338,27.1467,0.0,34.4448,11.075,8.92,15.0685,5.21471,21.9702,-4.444710000000001,0.0,1693,738,-1,0
1665133946.985338,27.5776,0.0,37.6464,11.6066,7.5,16.4996,5.54836,21.3893,-4.778359999999999,0.0,1787,761,-1,0
1665133946.985338,28.0085,0.0,30.4704,11.6066,11.61,13.9125,5.63505,23.6467,-4.86505,0.0,1586,741,-1,0
1665133946.985338,29.3012,0.0,27.048,-2.215,8.71,13.3144,-1.13247,26.0769,1.90247,0.0,1494,439,0,2
1665133946.985338,29.7321,0.0,-31.7952,-2.3922,13.86,-15.6517,-1.24101,25.2484,2.01101,0.0,293,463,-1,0
1665133946.985338,30.163,0.0,-31.3536,-2.3922,17.51,-15.6807,-1.25899,25.7359,2.0289900000000003,0.0,304,463,-1,0
1665133946.985338,30.5939,0.0,-31.7952,-2.5694,16.15,-16.1032,-1.37151,25.9767,2.14151,0.0,293,459,-1,0
1665133946.985338,31.0248,0.0,-31.7952,-2.5694,8.32,-16.3301,-1.39083,26.3426,2.16083,0.0,293,459,-1,0
1665133946.985338,35.3338,0.0,-30.0288,-3.7655,9.45,-17.6441,-2.32048,30.525,3.09048,0.0,336,433,-1,0
1665133946.985338,37.9192,0.0,45.1536,-2.0378,12.64,26.8677,-1.34836,26.724,2.11836,0.0,2040,417,-1,0
1665133946.985338,38.3501,0.0,45.7056,-2.0378,7.85,27.4321,-1.36368,26.7647,2.13368,0.0,2062,416,-1,0
1665133946.985338,38.781,0.0,45.7056,-2.0378,9.63,27.7404,-1.37901,27.0654,2.14901,0.0,2062,416,-1,0
1665133946.985338,39.2119,0.0,45.7056,-2.215,17.05,28.0454,-1.51552,27.363,2.28552,0.0,2062,411,-1,0
1665133946.985338,39.6428,0.0,45.1536,-2.215,19.44,28.0857,-1.53217,27.9356,2.3021700000000003,0.0,2040,412,-1,0
1665133946.985338,47.399,0.0,24.6192,-4.4743,18.36,19.6856,-3.69769,42.9589,4.46769,0.0,1436,392,-1,0
1665133946.985338,47.8299,0.0,22.9632,-4.4743,13.52,18.6035,-3.7313,43.9054,4.5013000000000005,0.0,1399,394,-1,0
1665133946.985338,48.2608,0.0,22.9632,-3.9427,8.79,18.7839,-3.31835,44.3312,4.08835,0.0,1399,405,-1,0
1665133946.985338,48.6917,0.0,22.9632,-3.5883,13.95,18.9593,-3.04745,44.7453,3.81745,0.0,1399,412,-1,0
1665133946.985338,49.1226,0.0,21.7488,-2.7466,16.84,18.1809,-2.3539,45.5735,3.1239,0.0,1373,431,-1,0
1665133946.985338,49.5535,0.0,19.32,-2.0378,15.91,16.3841,-1.76206,46.7333,2.53206,0.0,1321,447,-1,0
1665133946.985338,49.9844,0.0,20.976,-2.0378,10.24,17.8819,-1.77739,46.6424,2.54739,0.0,1356,446,-1,0
1665133946.985338,50.4153,0.0,20.976,-1.8606,9.54,18.038,-1.63688,47.0495,2.40688,0.0,1356,449,-1,0
1665133946.985338,50.8462,0.0,20.0928,-1.8606,11.37,17.4586,-1.65087,47.7264,2.42087,0.0,1337,450,-1,0
1665133946.985338,51.2771,0.0,19.32,-3.2339,10.81,16.9377,-2.89266,48.3124,3.66266,0.0,1320,423,-1,0
1665133946.985338,51.708,0.0,18.5472,-3.2339,10.68,16.4214,-2.91696,48.9443,3.68696,0.0,1304,424,-1,0
1665133946.985338,52.1389,0.0,18.5472,-2.9238,12.09,16.5631,-2.65949,49.3666,3.42949,0.0,1304,430,-1,0
1665133946.985338,52.5698,0.0,18.5472,-2.7466,20.74,16.7025,-2.51908,49.7822,3.28908,0.0,1304,433,-1,0
1665133946.985338,53.0007,0.0,21.3072,-2.7466,22.77,19.2367,-2.53973,49.3211,3.30973,0.0,1363,431,-1,0
1665133946.985338,53.4316,0.0,17.0016,-2.5694,20.19,15.6076,-2.39531,51.0451,3.16531,0.0,1272,438,-1,0
1665133946.985338,53.4316,0.0,21.7488,-2.5694,20.12,19.7785,-2.39531,49.5783,3.16531,0.0,1373,434,-1,0
1665133946.985338,54.7243,0.0,19.32,-2.5694,15.25,18.087,-2.45326,51.5906,3.22326,0.0,1320,436,-1,0
1665133946.985338,55.1552,0.0,15.456,-2.5694,15.89,14.684,-2.47258,53.1071,3.24258,0.0,1240,439,-1,0
1665133946.985338,55.5861,0.0,15.456,-3.0567,10.53,14.7925,-2.96408,53.4996,3.73408,0.0,1240,430,-1,0
1665133946.985338,56.017,0.0,14.2416,-3.0567,9.56,13.7612,-2.98706,54.2182,3.75706,0.0,1216,431,-1,0
1665133946.985338,56.017,0.0,19.32,-3.0567,11.37,18.5065,-2.98706,52.7872,3.75706,0.0,1320,426,-1,0
1665133946.985338,56.4479,0.0,14.2416,-3.4111,11.35,13.8622,-3.35864,54.6162,4.12864,0.0,1216,424,-1,0
1665133946.985338,56.8788,0.0,14.6832,-3.4111,11.24,14.3918,-3.38428,54.9238,4.15428,0.0,1224,423,-1,0
1665133946.985338,57.3097,0.0,18.9888,-3.4111,13.83,18.6146,-3.40991,54.095,4.17991,0.0,1313,420,-1,0
1665133946.985338,57.7406,0.0,18.9888,-3.4111,13.22,18.7545,-3.43555,54.5018,4.205550000000001,0.0,1313,420,-1,0
1665133946.985338,58.1715,0.0,18.5472,-3.9427,12.94,18.4597,-3.9998,55.0197,4.7698,0.0,1304,409,-1,0
1665133946.985338,59.8951,0.0,18.1056,9.1258,11.76,18.378,9.49952,56.2088,-8.72952,0.0,1300,669,-1,0
1665133946.985338,61.1878,0.0,10.8192,-3.5883,14.91,11.4631,-3.82954,59.9823,4.59954,0.0,1148,423,-1,0
1665133946.985338,61.6187,0.0,10.8192,-3.5883,11.78,11.5438,-3.85651,60.4047,4.62651,0.0,1148,423,-1,0
1665133946.985338,62.0496,0.0,10.8192,-3.2339,20.65,11.6288,-3.50036,60.8496,4.27036,0.0,1148,430,-1,0
1665133946.985338,62.4805,0.0,11.1504,-3.2339,23.41,12.0636,-3.52466,61.2034,4.29466,0.0,1155,429,-1,0
1665133946.985338,62.9114,0.0,10.8192,-2.5694,23.08,11.7973,-2.82028,61.731,3.59028,0.0,1148,442,-1,0
1665133946.985338,63.3423,0.0,10.0464,-2.3922,17.39,11.0402,-2.64388,62.3167,3.41388,0.0,1134,446,-1,0
1665133946.985338,63.7732,0.0,9.7152,-6.5564,11.4,10.6914,-7.2817,62.4475,8.0517,0.0,1125,367,-1,0
1665133946.985338,63.7732,0.0,14.6832,-6.5564,11.34,16.0591,-7.2817,61.287,8.0517,0.0,1223,362,-1,0
1665133946.985338,65.9277,0.0,8.1696,-2.0378,12.09,9.36265,-2.34431,65.2174,3.11431,0.0,1098,454,-1,0
1665133946.985338,66.3586,0.0,8.1696,-2.215,10.49,9.42276,-2.56472,65.6361,3.33472,0.0,1098,450,-1,0
1665133946.985338,66.7895,0.0,8.1696,-2.3922,17.44,9.48277,-2.78777,66.0541,3.55777,0.0,1097,447,-1,0
1665133946.985338,99.9688,0.0,-3.312,-2.7466,19.68,-5.76887,-4.79039,99.6872,5.56039,0.0,882,446,-1,0
1665133946.985338,100.4,0.0,-3.312,-2.7466,11.49,-5.79374,-4.81104,100.117,5.58104,0.0,882,446,-1,0
1665133946.985338,101.692,0.0,-4.0848,-3.4111,8.32,-7.231,-6.05067,101.254,6.82067,0.0,868,433,-1,0
1665133946.985338,109.018,0.0,-4.8576,-3.2339,10.7,-9.21687,-6.14993,108.453,6.919930000000001,0.0,853,437,-1,0
1665133946.985338,109.449,0.0,-4.8576,-3.2339,9.46,-9.2533,-6.17424,108.882,6.944240000000001,0.0,853,437,-1,0
1665133946.985338,121.083,0.0,-6.2928,-3.9427,11.73,-13.2404,-8.32551,120.069,9.09551,0.0,826,424,-1,0
1665133946.985338,121.514,0.0,-6.2928,-4.1199,8.21,-13.2846,-8.73002,120.47,9.50002,0.0,826,421,-1,0
1665133946.985338,125.392,0.0,-7.3968,-3.4111,8.45,-16.1144,-7.46079,124.128,8.23079,0.0,806,434,-1,0
1665133946.985338,125.823,0.0,-7.0656,-3.5883,9.51,-15.4466,-7.87484,124.622,8.64484,0.0,812,431,-1,0
1665133946.985338,126.254,0.0,-7.3968,-3.5883,9.71,-16.2221,-7.9018,124.958,8.6718,0.0,806,431,-1,0
1665133946.985338,127.546,0.0,-7.0656,-2.5694,10.75,-15.6732,-5.71784,126.451,6.48784,0.0,812,450,-1,0
1665133946.985338,127.977,0.0,-7.0656,-2.5694,9.42,-15.7261,-5.73715,126.878,6.507149999999999,0.0,812,450,-1,0
1665133946.985338,128.408,0.0,-7.0656,-2.5694,9.72,-15.7791,-5.75647,127.305,6.52647,0.0,812,450,-1,0
1665133946.985338,153.831,0.0,-15.7872,-2.9238,11.83,-41.7977,-7.84659,147.836,8.61659,0.0,644,446,-1,0
1665133946.985338,154.262,0.0,-17.0016,-2.9238,11.07,-45.0473,-7.86857,147.328,8.63857,0.0,620,446,-1,0
1665133946.985338,154.693,0.0,-16.56,-2.9238,13.12,-44.0331,-7.89055,148.084,8.66055,0.0,629,446,-1,0
1665133946.985338,155.124,0.0,-17.0016,-2.9238,14.65,-45.299,-7.91253,148.151,8.68253,0.0,620,446,-1,0
1665133946.985338,155.124,0.0,-14.6832,-2.9238,15.81,-39.2688,-7.91253,149.863,8.68253,0.0,666,446,-1,0
1665133946.985338,157.709,0.0,-9.2736,-2.9238,9.4,-25.3816,-8.04441,155.446,8.814409999999999,0.0,771,444,-1,0
1665133946.985338,158.14,0.0,-16.2288,-2.9238,12.83,-44.1385,-8.06639,151.641,8.83639,0.0,636,446,-1,0
1665133946.985338,159.002,0.0,-18.1056,-2.7466,17.31,-49.3562,-7.6192,150.956,8.3892,0.0,598,450,-1,0
1665133946.985338,159.433,0.0,-18.5472,-3.2339,18.32,-50.6326,-8.99397,150.912,9.76397,0.0,589,440,-1,0
1665133946.985338,164.604,0.0,-19.32,-3.2339,11.77,-54.3714,-9.28567,155.087,10.05567,0.0,573,440,-1,0
1665133946.985338,165.035,0.0,-19.32,-3.2339,11.53,-54.5138,-9.30998,155.493,10.07998,0.0,573,440,-1,0
1665133946.985338,165.466,0.0,-19.32,-3.2339,11.62,-54.6561,-9.33428,155.899,10.10428,0.0,573,440,-1,0
1665133946.985338,166.327,0.0,-19.7616,-2.7466,16.64,-56.1719,-7.97022,156.352,8.74022,0.0,564,450,-1,0
1665133946.985338,166.758,0.0,-19.32,-2.7466,14.74,-55.1076,-7.99087,157.187,8.76087,0.0,573,450,-1,0
1665133946.985338,167.189,0.0,-18.9888,-2.5694,10.92,-54.3459,-7.495,157.932,8.265,0.0,580,453,-1,0
1665133946.985338,167.62,0.0,-18.9888,-2.5694,11.25,-54.486,-7.51432,158.339,8.28432,0.0,580,453,-1,0
1665133946.985338,168.051,0.0,-18.9888,-2.5694,15.32,-54.626,-7.53364,158.746,8.30364,0.0,580,453,-1,0
1665133946.985338,168.913,0.0,-19.32,-2.3922,16.17,-55.8351,-7.05036,159.262,7.820360000000001,0.0,573,457,-1,0
1665133946.985338,169.344,0.0,-19.32,-2.5694,12.02,-55.97,-7.59159,159.647,8.36159,0.0,573,453,-1,0
1665133946.985338,169.775,0.0,-19.32,-2.5694,10.0,-56.1124,-7.6109,160.053,8.3809,0.0,573,453,-1,0
1665133946.985338,170.636,0.0,-20.0928,-3.5883,15.32,-58.5058,-10.6796,159.937,11.4496,0.0,557,434,-1,0
1665133946.985338,171.067,0.0,-19.7616,-3.5883,15.03,-57.7257,-10.7065,160.677,11.4765,0.0,564,434,-1,0
1665133946.985338,171.498,0.0,-19.7616,-2.9238,12.84,-57.9093,-8.74774,161.188,9.51774,0.0,564,447,-1,0
1665133946.985338,171.929,0.0,-10.8192,-2.7466,9.66,-32.2358,-8.23865,168.679,9.00865,0.0,741,448,-1,0
1665133946.985338,172.36,0.0,-10.8192,-2.5694,13.43,-32.3213,-7.72681,169.126,8.49681,0.0,741,451,-1,0
1665133946.985338,172.791,0.0,-20.0928,-2.7466,12.99,-59.2927,-8.27994,162.088,9.04994,0.0,557,450,-1,0
1665133946.985338,173.222,0.0,-20.0928,-3.0567,10.46,-59.4242,-9.23691,162.448,10.00691,0.0,557,444,-1,0
1665133946.985338,173.653,0.0,-20.5344,-2.5694,10.59,-60.8509,-7.78476,162.456,8.55476,0.0,548,454,-1,0
1665133946.985338,174.084,0.0,-20.0928,-2.5694,12.35,-59.7448,-7.80407,163.324,8.57407,0.0,557,454,-1,0
1665133946.985338,174.514,0.0,-20.5344,-2.7466,13.77,-61.1441,-8.36254,163.238,9.13254,0.0,548,450,-1,0
1665133946.985338,174.945,0.0,-20.5344,-2.7466,13.86,-61.295,-8.38318,163.641,9.15318,0.0,548,450,-1,0
1665133946.985338,175.376,0.0,-20.976,-2.7466,11.95,-62.7085,-8.40383,163.566,9.17383,0.0,539,450,-1,0
1665133946.985338,175.807,0.0,-20.5344,-2.9238,12.19,-61.5876,-8.96754,164.422,9.73754,0.0,548,447,-1,0
1665133946.985338,176.238,0.0,-20.976,-3.2339,13.99,-62.9887,-9.94199,164.297,10.71199,0.0,539,441,-1,0
1665133946.985338,177.531,0.0,-10.8192,-3.4111,12.94,-33.2654,-10.563,174.066,11.333,0.0,741,435,-1,0
1665133946.985338,177.962,0.0,-10.8192,-3.4111,9.87,-33.3461,-10.5887,174.489,11.3587,0.0,741,435,-1,0
1665133946.985338,178.393,0.0,-10.8192,-3.2339,9.08,-33.4328,-10.0635,174.943,10.8335,0.0,741,439,-1,0
1665133946.985338,184.425,0.0,-22.08,-2.7466,8.42,-69.2459,-8.83744,170.703,9.60744,0.0,516,450,-1,0
1665133946.985338,184.856,0.0,-22.5216,-2.7466,9.29,-70.7244,-8.85809,170.562,9.62809,0.0,506,451,-1,0
1665133946.985338,185.287,0.0,-22.5216,-2.7466,9.98,-70.8893,-8.87874,170.96,9.64874,0.0,506,451,-1,0
1665133946.985338,185.718,0.0,-21.7488,-2.7466,10.22,-68.7365,-8.89939,172.3,9.66939,0.0,523,450,-1,0
1665133946.985338,11.6343,0.0,-38.64,0.6645,2.55,-7.26426,0.134928,9.08676,0.6350720000000001,0.0,111,542,0,1
1665133946.985338,12.0652,0.0,-38.1984,0.1329,12.48,-7.46094,0.0279857,9.4817,0.7420143,0.0,123,529,0,1
1665133946.985338,12.4961,0.0,-32.2368,0.0,16.05,-6.66567,0.0,10.5698,0.77,0.0,284,521,0,1
1665133946.985338,12.927,0.0,-32.2368,0.4873,18.01,-6.89527,0.109943,10.9339,0.660057,0.0,284,531,0,1
1665133946.985338,13.3579,0.0,-32.2368,1.3733,14.87,-7.12332,0.32014,11.2955,0.44986,0.0,284,550,0,1
1665133946.985338,14.2197,0.0,4.0848,-0.1329,11.22,1.01291,-0.0329832,14.1835,0.8029832,0.0,1021,498,0,4
1665133946.985338,14.6506,0.0,6.2928,-0.3101,14.05,1.60582,-0.0792926,14.5621,0.8492926000000001,0.0,1062,493,0,4
1665133946.985338,15.0815,0.0,7.3968,-18.7389,14.2,1.83868,-4.84502,14.1632,5.61502,0.0,1075,134,-1,0
1665133946.985338,15.5124,0.0,1.104,-19.0933,12.65,0.282439,-5.07422,14.6563,5.84422,0.0,957,134,-1,0
1665133946.985338,15.9433,0.0,-0.6624,-6.3792,10.33,-0.183176,-1.77143,15.8435,2.54143,0.0,930,383,-1,0
1665133946.985338,16.3742,0.0,-0.3312,-5.8476,13.04,-0.0941585,-1.66825,16.2887,2.43825,0.0,936,393,-1,0
1665133946.985338,16.8051,0.0,-0.3312,-1.1961,14.13,-0.0971207,-0.350796,16.8012,1.120796,0.0,938,479,0,4
1665133946.985338,17.236,0.0,-0.6624,-1.1961,11.7,-0.199219,-0.359791,17.2311,1.129791,0.0,932,479,0,4
1665133946.985338,18.0978,0.0,-2.208,-4.9616,10.43,-0.694647,-1.56524,18.0166,2.33524,0.0,902,409,0,4
1665133946.985338,18.5287,0.0,-2.5392,-4.6072,10.21,-0.818223,-1.4883,18.4507,2.2583,0.0,896,416,0,4
1665133946.985338,18.9596,0.0,-2.5392,-4.4743,10.21,-0.837405,-1.47907,18.8833,2.24907,0.0,896,418,-1,0
1665133946.985338,19.3905,0.0,-5.1888,-4.1199,5.32,-1.7491,-1.39309,19.2611,2.16309,0.0,847,426,-1,0
1665133946.985338,19.3905,0.0,-2.5392,-4.1199,6.96,-0.856835,-1.39309,19.3214,2.16309,0.0,896,425,-1,0
1665133946.985338,26.7158,0.0,34.4448,11.6066,8.92,14.8018,5.37497,21.5813,-4.60497,0.0,1693,751,-1,0
1665133946.985338,27.1467,0.0,34.4448,11.6066,9.63,15.0405,5.46167,21.9293,-4.69167,0.0,1693,751,-1,0
1665133946.985338,27.5776,0.0,37.2048,11.961,9.9,16.3132,5.71534,21.4881,-4.94534,0.0,1774,768,-1,0
1665133946.985338,28.8703,0.0,29.1456,-2.5694,6.42,14.0466,-1.29424,25.1895,2.06424,0.0,1545,429,0,2
1665133946.985338,29.3012,0.0,27.048,-2.215,10.19,13.3144,-1.13247,26.0769,1.90247,0.0,1494,439,0,2
1665133946.985338,30.163,0.0,-31.7952,-2.3922,18.27,-15.8786,-1.25899,25.6143,2.0289900000000003,0.0,293,463,-1,0
1665133946.985338,30.5939,0.0,-31.7952,-2.5694,16.67,-16.1032,-1.37151,25.9767,2.14151,0.0,293,459,-1,0
1665133946.985338,31.0248,0.0,-31.7952,-2.5694,8.47,-16.3301,-1.39083,26.3426,2.16083,0.0,293,459,-1,0
1665133946.985338,35.3338,0.0,-29.5872,-2.3922,10.06,-17.4308,-1.47482,30.6997,2.24482,0.0,347,462,-1,0
1665133946.985338,35.7647,0.0,-29.5872,-2.5694,10.48,-17.641,-1.60331,31.0699,2.37331,0.0,347,458,-1,0
1665133946.985338,36.6265,0.0,-29.1456,-3.2339,11.87,-17.8098,-2.06618,31.9381,2.83618,0.0,357,444,-1,0
1665133946.985338,38.3501,0.0,45.7056,-1.1961,16.08,27.4435,-0.800534,26.7758,1.570534,0.0,2062,439,-1,0
1665133946.985338,38.781,0.0,45.7056,-2.215,20.08,27.7372,-1.49886,27.0623,2.26886,0.0,2062,411,-1,0
1665133946.985338,39.2119,0.0,45.7056,-2.3922,18.6,28.0419,-1.63669,27.3596,2.40669,0.0,2061,406,-1,0
1665133946.985338,39.6428,0.0,45.7056,-2.3922,13.96,28.35,-1.65468,27.6602,2.42468,0.0,2061,406,-1,0
1665133946.985338,47.399,0.0,24.6192,-4.4743,7.44,19.6856,-3.69769,42.9589,4.46769,0.0,1436,392,-1,0
1665133946.985338,47.8299,0.0,22.9632,-4.4743,13.17,18.6035,-3.7313,43.9054,4.5013000000000005,0.0,1399,394,-1,0
1665133946.985338,48.2608,0.0,22.9632,-4.2971,18.04,18.7755,-3.6161,44.3115,4.3861,0.0,1399,398,-1,0
1665133946.985338,48.6917,0.0,22.9632,-3.9427,16.51,18.9516,-3.34798,44.7271,4.11798,0.0,1399,405,-1,0
1665133946.985338,49.1226,0.0,21.7488,-3.0567,12.81,18.1759,-2.61942,45.561,3.38942,0.0,1373,424,-1,0
1665133946.985338,50.4153,0.0,20.976,-2.7466,9.44,18.0268,-2.41584,47.0202,3.18584,0.0,1356,431,-1,0
1665133946.985338,50.8462,0.0,20.0928,-2.7466,10.18,17.4477,-2.43649,47.6967,3.20649,0.0,1337,432,-1,0
1665133946.985338,51.2771,0.0,19.32,-3.2339,11.27,16.9377,-2.89266,48.3124,3.66266,0.0,1320,423,-1,0
1665133946.985338,51.708,0.0,18.5472,-3.2339,20.14,16.4214,-2.91696,48.9443,3.68696,0.0,1304,424,-1,0
1665133946.985338,52.1389,0.0,18.5472,-3.0567,23.35,16.561,-2.78026,49.3606,3.55026,0.0,1304,427,-1,0
1665133946.985338,52.5698,0.0,18.5472,-2.9238,20.25,16.6999,-2.68147,49.7745,3.45147,0.0,1304,430,-1,0
1665133946.985338,53.0007,0.0,18.5472,-2.7466,13.29,16.8394,-2.53973,50.1902,3.30973,0.0,1304,433,-1,0
1665133946.985338,53.4316,0.0,17.0016,-2.9238,11.86,15.603,-2.72543,51.0299,3.49543,0.0,1272,431,-1,0
1665133946.985338,53.8625,0.0,19.32,-2.9238,15.91,17.7969,-2.74741,50.7631,3.51741,0.0,1320,429,-1,0
1665133946.985338,55.1552,0.0,15.456,-3.4111,11.47,14.6727,-3.28172,53.0663,4.05172,0.0,1240,423,-1,0
1665133946.985338,55.5861,0.0,15.456,-3.4111,11.42,14.7874,-3.30736,53.4809,4.0773600000000005,0.0,1240,423,-1,0
1665133946.985338,56.017,0.0,16.56,-3.9427,9.86,15.9281,-3.85166,53.5664,4.62166,0.0,1262,411,-1,0
1665133946.985338,56.4479,0.0,14.2416,-3.5883,12.11,13.8596,-3.53289,54.6058,4.30289,0.0,1215,420,-1,0
1665133946.985338,56.8788,0.0,14.6832,-3.4111,9.81,14.3918,-3.38428,54.9238,4.15428,0.0,1224,423,-1,0
1665133946.985338,57.3097,0.0,19.32,-3.4111,11.53,18.927,-3.40991,53.9865,4.17991,0.0,1320,419,-1,0
1665133946.985338,59.0333,0.0,9.7152,-2.7466,8.77,9.95048,-2.82881,58.1198,3.59881,0.0,1127,440,-1,0
1665133946.985338,59.4642,0.0,9.2736,-2.215,11.39,9.57544,-2.29826,58.6432,3.06826,0.0,1119,450,-1,0
1665133946.985338,59.4642,0.0,17.0016,-2.215,12.78,17.3742,-2.29826,56.8229,3.06826,0.0,1272,445,-1,0
1665133946.985338,59.8951,0.0,17.7744,9.4802,14.76,18.0345,9.86513,56.2571,-9.09513,0.0,1293,676,-1,0
1665133946.985338,61.1878,0.0,10.8192,-2.5694,19.74,11.474,-2.74302,60.0397,3.51302,0.0,1148,442,-1,0
1665133946.985338,61.6187,0.0,11.1504,-3.0567,22.47,11.8992,-3.28577,60.3695,4.05577,0.0,1155,433,-1,0
1665133946.985338,62.0496,0.0,11.1504,-3.0567,21.97,11.9824,-3.30874,60.7917,4.07874,0.0,1155,433,-1,0
1665133946.985338,62.4805,0.0,11.1504,-2.3922,18.66,12.0723,-2.60791,61.2476,3.37791,0.0,1155,445,-1,0
1665133946.985338,62.9114,0.0,11.592,-3.2339,12.86,12.6214,-3.54897,61.5301,4.31897,0.0,1163,429,-1,0
1665133946.985338,65.9277,0.0,8.1696,-1.8606,16.63,9.36364,-2.14053,65.2242,2.91053,0.0,1098,457,-1,0
1665133946.985338,66.3586,0.0,8.1696,-2.0378,20.71,9.42384,-2.35963,65.6436,3.12963,0.0,1098,454,-1,0
1665133946.985338,66.7895,0.0,8.1696,-2.215,19.17,9.48395,-2.58138,66.0623,3.35138,0.0,1098,450,-1,0
1665133946.985338,67.2204,0.0,8.1696,-2.215,9.58,9.54513,-2.59803,66.4885,3.36803,0.0,1098,450,-1,0
1665133946.985338,101.261,0.0,-3.312,-3.5883,7.25,-5.83872,-6.33763,100.894,7.10763,0.0,882,430,-1,0
1665133946.985338,106.001,0.0,-4.416,-4.9616,8.47,-8.13125,-9.16786,105.291,9.93786,0.0,861,405,-1,0
1665133946.985338,106.432,0.0,-4.0848,-4.1199,8.66,-7.56188,-7.64651,105.888,8.41651,0.0,867,420,-1,0
1665133946.985338,119.79,0.0,-5.52,-4.1199,7.84,-11.4932,-8.60619,118.927,9.37619,0.0,841,421,-1,0
1665133946.985338,121.083,0.0,-6.2928,-4.1199,10.1,-13.2375,-8.69906,120.042,9.46906,0.0,826,421,-1,0
1665133946.985338,121.514,0.0,-6.2928,-4.1199,10.25,-13.2846,-8.73002,120.47,9.50002,0.0,826,421,-1,0
1665133946.985338,121.945,0.0,-6.2928,-4.1199,8.14,-13.3317,-8.76098,120.897,9.53098,0.0,826,421,-1,0
1665133946.985338,125.392,0.0,-7.3968,-3.5883,11.58,-16.1113,-7.84787,124.105,8.61787,0.0,806,431,-1,0
1665133946.985338,125.823,0.0,-7.3968,-3.5883,13.66,-16.1667,-7.87484,124.531,8.64484,0.0,806,431,-1,0
1665133946.985338,126.254,0.0,-7.3968,-3.4111,9.98,-16.2251,-7.51207,124.981,8.28207,0.0,806,434,-1,0
1665133946.985338,127.546,0.0,-6.624,-2.9238,10.5,-14.6937,-6.50586,126.53,7.27586,0.0,820,443,-1,0
1665133946.985338,127.977,0.0,-6.624,-2.7466,12.92,-14.7456,-6.13253,126.977,6.9025300000000005,0.0,821,447,-1,0
1665133946.985338,128.408,0.0,-6.624,-2.7466,11.8,-14.7953,-6.15317,127.404,6.923170000000001,0.0,821,447,-1,0
1665133946.985338,128.839,0.0,-8.9424,-2.9238,13.04,-20.0009,-6.5718,127.107,7.341799999999999,0.0,777,444,-1,0
1665133946.985338,129.27,0.0,-8.5008,-2.9238,15.69,-19.0842,-6.59378,127.683,7.36378,0.0,785,444,-1,0
1665133946.985338,129.701,0.0,-8.5008,-3.0567,15.15,-19.1455,-6.91619,128.093,7.68619,0.0,785,441,-1,0
1665133946.985338,130.132,0.0,-8.9424,-2.9238,12.19,-20.2015,-6.63774,128.383,7.40774,0.0,777,444,-1,0
1665133946.985338,153.831,0.0,-15.7872,-2.9238,10.81,-41.7977,-7.84659,147.836,8.61659,0.0,644,446,-1,0
1665133946.985338,154.262,0.0,-17.0016,-2.9238,9.35,-45.0473,-7.86857,147.328,8.63857,0.0,620,446,-1,0
1665133946.985338,154.693,0.0,-16.2288,-3.0567,11.94,-43.1712,-8.24888,148.318,9.01888,0.0,636,443,-1,0
1665133946.985338,155.124,0.0,-14.6832,-3.0567,12.02,-39.264,-8.27186,149.844,9.04186,0.0,666,443,-1,0
1665133946.985338,155.555,0.0,-15.0144,-3.0567,17.16,-40.241,-8.29484,150.031,9.06484,0.0,660,443,-1,0
1665133946.985338,155.986,0.0,-15.0144,-3.0567,18.24,-40.3525,-8.31781,150.446,9.08781,0.0,660,443,-1,0
1665133946.985338,156.848,0.0,-16.2288,-2.7466,13.94,-43.7844,-7.51596,150.425,8.28596,0.0,636,449,-1,0
1665133946.985338,159.433,0.0,-17.0016,-3.4111,12.65,-46.5354,-9.48623,152.195,10.25623,0.0,620,437,-1,0
1665133946.985338,159.864,0.0,-17.3328,-3.4111,12.55,-47.5425,-9.51186,152.334,10.28186,0.0,613,437,-1,0
1665133946.985338,164.604,0.0,-19.32,-2.9238,15.39,-54.3873,-8.39608,155.132,9.16608,0.0,573,447,-1,0
1665133946.985338,165.035,0.0,-19.32,-2.9238,17.94,-54.5296,-8.41806,155.538,9.18806,0.0,573,447,-1,0
1665133946.985338,165.466,0.0,-19.32,-2.7466,16.5,-54.6804,-7.92892,155.968,8.69892,0.0,573,450,-1,0
1665133946.985338,165.896,0.0,-19.32,-2.9238,13.85,-54.8144,-8.46201,156.35,9.23201,0.0,573,447,-1,0
1665133946.985338,166.327,0.0,-19.32,-3.5883,11.19,-54.9205,-10.4099,156.653,11.1799,0.0,573,434,-1,0
1665133946.985338,166.758,0.0,-18.9888,-2.9238,12.76,-54.1897,-8.50597,157.478,9.27597,0.0,580,446,-1,0
1665133946.985338,167.189,0.0,-18.9888,-2.3922,16.53,-54.3532,-6.97842,157.953,7.748419999999999,0.0,580,457,-1,0
1665133946.985338,167.62,0.0,-18.9888,-2.3922,15.54,-54.4933,-6.9964,158.36,7.766400000000001,0.0,580,457,-1,0
1665133946.985338,168.051,0.0,-18.9888,-2.215,13.17,-54.6401,-6.49507,158.787,7.26507,0.0,580,460,-1,0
1665133946.985338,168.913,0.0,-18.9888,-2.215,13.52,-54.9203,-6.52838,159.602,7.29838,0.0,580,460,-1,0
1665133946.985338,169.344,0.0,-18.9888,-2.5694,13.71,-55.0462,-7.59159,159.967,8.36159,0.0,580,453,-1,0
1665133946.985338,169.775,0.0,-18.9888,-2.5694,12.02,-55.1863,-7.6109,160.374,8.3809,0.0,580,453,-1,0
1665133946.985338,170.206,0.0,-20.5344,-2.7466,10.98,-59.6343,-8.15605,159.208,8.92605,0.0,548,450,-1,0
1665133946.985338,170.636,0.0,-20.0928,-2.7466,13.6,-58.5534,-8.1767,160.067,8.9467,0.0,557,450,-1,0
1665133946.985338,171.067,0.0,-20.0928,-3.5883,15.1,-58.6535,-10.7065,160.341,11.4765,0.0,557,434,-1,0
1665133946.985338,171.498,0.0,-20.0928,-3.4111,14.54,-58.8124,-10.2041,160.775,10.9741,0.0,557,437,-1,0
1665133946.985338,172.36,0.0,-10.488,-3.0567,12.91,-31.33,-9.19096,169.239,9.96096,0.0,747,442,-1,0
1665133946.985338,172.791,0.0,-20.0928,-2.7466,13.82,-59.2927,-8.27994,162.088,9.04994,0.0,557,450,-1,0
1665133946.985338,173.222,0.0,-20.0928,-2.9238,14.22,-59.4314,-8.83566,162.467,9.60566,0.0,557,447,-1,0
1665133946.985338,173.653,0.0,-20.0928,-3.0567,13.08,-59.5721,-9.25989,162.852,10.02989,0.0,557,444,-1,0
1665133946.985338,174.084,0.0,-20.5344,-2.7466,9.41,-60.9931,-8.34189,162.835,9.11189,0.0,548,450,-1,0
1665133946.985338,174.514,0.0,-20.5344,-2.7466,10.64,-61.1441,-8.36254,163.238,9.13254,0.0,548,450,-1,0
1665133946.985338,174.945,0.0,-20.976,-2.9238,11.52,-62.5449,-8.92358,163.139,9.69358,0.0,539,447,-1,0
1665133946.985338,175.807,0.0,-20.5344,-3.5883,11.01,-61.5469,-11.0032,164.314,11.7732,0.0,548,434,-1,0
1665133946.985338,176.238,0.0,-20.976,-3.4111,11.39,-62.9774,-10.4861,164.267,11.2561,0.0,539,437,-1,0
1665133946.985338,177.1,0.0,-20.0928,-3.0567,10.58,-60.7546,-9.44371,166.085,10.21371,0.0,557,444,-1,0
1665133946.985338,177.962,0.0,-10.488,-3.0567,14.94,-32.3482,-9.48966,174.74,10.25966,0.0,747,442,-1,0
1665133946.985338,178.393,0.0,-10.488,-3.2339,14.21,-32.421,-10.0635,175.133,10.8335,0.0,747,439,-1,0
1665133946.985338,184.425,0.0,-22.9632,-2.5694,10.14,-71.8793,-8.26768,169.64,9.03768,0.0,497,454,-1,0
1665133946.985338,184.856,0.0,-22.5216,-2.7466,13.69,-70.7244,-8.85809,170.562,9.62809,0.0,506,451,-1,0
1665133946.985338,185.287,0.0,-22.5216,-2.9238,11.37,-70.8784,-9.45108,170.933,10.22108,0.0,506,447,-1,0
1665133946.985338,185.718,0.0,-22.9632,-2.9238,6.37,-72.3616,-9.47306,170.778,10.24306,0.0,497,447,-1,0
1665133946.985338,11.6343,0.0,-39.0816,0.3101,3.78,-7.33446,0.0629676,9.03098,0.7070324,0.0,98,534,0,1
1665133946.985338,12.0652,0.0,-38.1984,0.3101,12.06,-7.46085,0.0652997,9.48159,0.7047003000000001,0.0,123,533,0,1
1665133946.985338,12.4961,0.0,-32.2368,0.3101,15.26,-6.66557,0.0676319,10.5697,0.7023681,0.0,284,528,0,1
1665133946.985338,12.4961,0.0,-38.1984,0.3101,15.97,-7.72731,0.0676319,9.82022,0.7023681,0.0,123,533,0,1
1665133946.985338,12.927,0.0,-32.2368,0.4873,16.7,-6.89527,0.109943,10.9339,0.660057,0.0,284,531,0,1
1665133946.985338,13.3579,0.0,-32.2368,0.1329,14.4,-7.12535,0.0309842,11.2988,0.7390158,0.0,284,523,0,1
1665133946.985338,13.7888,0.0,-32.2368,0.1329,5.88,-7.3552,0.0319837,11.6632,0.7380163000000001,0.0,284,523,0,1
1665133946.985338,14.2197,0.0,4.0848,-0.1329,10.73,1.01291,-0.0329832,14.1835,0.8029832,0.0,1021,498,0,4
1665133946.985338,14.6506,0.0,6.2928,-0.4873,14.12,1.60579,-0.124602,14.5618,0.894602,0.0,1062,490,0,4
1665133946.985338,14.6506,0.0,4.416,-0.4873,14.05,1.12802,-0.124602,14.6066,0.894602,0.0,1027,491,0,4
1665133946.985338,15.0815,0.0,7.3968,-18.5617,15.34,1.8406,-4.80083,14.178,5.570830000000001,0.0,1075,138,-1,0
1665133946.985338,15.5124,0.0,1.104,-19.2705,13.49,0.282135,-5.11953,14.6405,5.889530000000001,0.0,957,130,-1,0
1665133946.985338,15.9433,0.0,-0.6624,-6.202,9.24,-0.183239,-1.72242,15.8489,2.49242,0.0,930,386,-1,0
1665133946.985338,16.3742,0.0,-0.3312,-6.202,13.44,-0.0940971,-1.76897,16.2781,2.53897,0.0,936,386,-1,0
1665133946.985338,16.8051,0.0,-0.3312,-1.6834,15.48,-0.0970999,-0.493677,16.7976,1.263677,0.0,938,470,0,4
1665133946.985338,17.236,0.0,-0.6624,-1.6834,14.09,-0.199176,-0.506336,17.2274,1.276336,0.0,932,470,0,4
1665133946.985338,17.6669,0.0,-1.4352,-16.391,12.63,-0.424508,-4.98544,16.9436,5.75544,0.0,911,189,-1,0
1665133946.985338,18.0978,0.0,-1.7664,-4.8287,11.75,-0.555878,-1.52342,18.025,2.29342,0.0,910,412,0,4
1665133946.985338,18.5287,0.0,-2.5392,-4.8287,10.32,-0.817962,-1.55969,18.4448,2.3296900000000003,0.0,896,412,0,4
1665133946.985338,18.9596,0.0,-2.5392,-4.6072,9.15,-0.837251,-1.52291,18.8798,2.29291,0.0,896,416,-1,0
1665133946.985338,19.3905,0.0,-4.8576,-4.6072,5.33,-1.63667,-1.55753,19.2584,2.3275300000000003,0.0,853,416,-1,0
1665133946.985338,19.3905,0.0,-2.5392,-4.6072,6.65,-0.856279,-1.55753,19.3089,2.3275300000000003,0.0,896,416,-1,0
1665133946.985338,27.1467,0.0,37.6464,11.7838,10.25,16.2314,5.54388,21.0416,-4.77388,0.0,1788,765,-1,0
1665133946.985338,27.5776,0.0,31.3536,11.7838,9.58,14.0467,5.63188,23.0542,-4.861879999999999,0.0,1609,747,-1,0
1665133946.985338,28.0085,0.0,30.912,11.7838,11.9,14.0853,5.71988,23.5237,-4.94988,0.0,1597,746,-1,0
1665133946.985338,29.3012,0.0,27.048,-1.8606,8.71,13.3173,-0.951348,26.0826,1.721348,0.0,1494,446,0,2
1665133946.985338,31.0248,0.0,-31.7952,-2.215,7.79,-16.3343,-1.19909,26.3494,1.96909,0.0,293,466,-1,0
1665133946.985338,35.7647,0.0,-29.1456,-2.5694,9.09,-17.401,-1.60331,31.2049,2.37331,0.0,357,458,-1,0
1665133946.985338,36.6265,0.0,-29.5872,-3.0567,12.56,-18.0585,-1.95308,31.8053,2.72308,0.0,347,448,-1,0
1665133946.985338,37.0574,0.0,-29.1456,-4.1199,13.39,-18.0015,-2.66235,32.2817,3.43235,0.0,357,425,-1,0
1665133946.985338,37.4883,0.0,-29.1456,-4.1199,9.96,-18.2108,-2.6933,32.6571,3.4633,0.0,357,425,-1,0
1665133946.985338,38.3501,0.0,45.7056,-2.215,16.85,27.429,-1.48221,26.7616,2.25221,0.0,2062,411,-1,0
1665133946.985338,38.781,0.0,45.7056,-2.215,20.14,27.7372,-1.49886,27.0623,2.26886,0.0,2062,411,-1,0
1665133946.985338,39.2119,0.0,45.7056,-2.215,19.14,28.0454,-1.51552,27.363,2.28552,0.0,2062,411,-1,0
1665133946.985338,39.6428,0.0,45.7056,-2.215,13.77,28.3536,-1.53217,27.6637,2.3021700000000003,0.0,2062,411,-1,0
1665133946.985338,47.399,0.0,24.1776,-4.2971,8.57,19.3585,-3.55152,43.1196,4.32152,0.0,1426,397,-1,0
1665133946.985338,47.8299,0.0,22.9632,-4.2971,14.33,18.6079,-3.58381,43.9159,4.35381,0.0,1399,398,-1,0
1665133946.985338,48.2608,0.0,22.9632,-4.2971,17.27,18.7755,-3.6161,44.3115,4.3861,0.0,1399,398,-1,0
1665133946.985338,48.6917,0.0,22.9632,-3.9427,16.87,18.9516,-3.34798,44.7271,4.11798,0.0,1399,405,-1,0
1665133946.985338,49.1226,0.0,22.08,-3.0567,11.54,18.439,-2.61942,45.4552,3.38942,0.0,1380,424,-1,0
1665133946.985338,49.5535,0.0,21.7488,8.8157,10.56,18.1445,7.5944,45.4824,-6.824400000000001,0.0,1378,666,-1,0
1665133946.985338,49.9844,0.0,21.3072,9.1258,11.99,17.9329,7.92766,45.9783,-7.15766,0.0,1368,672,-1,0
1665133946.985338,50.4153,0.0,20.976,-2.9238,8.45,18.024,-2.57157,47.013,3.34157,0.0,1356,428,-1,0
1665133946.985338,50.8462,0.0,20.0928,-2.9238,10.35,17.4451,-2.59355,47.6894,3.36355,0.0,1337,429,-1,0
1665133946.985338,51.2771,0.0,18.9888,-3.2339,11.15,16.6581,-2.89266,48.4095,3.66266,0.0,1313,423,-1,0
1665133946.985338,51.708,0.0,18.5472,-3.2339,21.05,16.4214,-2.91696,48.9443,3.68696,0.0,1304,424,-1,0
1665133946.985338,52.1389,0.0,18.5472,-3.2339,22.49,16.5582,-2.94127,49.3522,3.71127,0.0,1304,424,-1,0
1665133946.985338,52.5698,0.0,18.5472,-3.0567,20.75,16.6979,-2.80324,49.7685,3.57324,0.0,1304,427,-1,0
1665133946.985338,53.0007,0.0,18.5472,-2.7466,14.47,16.8394,-2.53973,50.1902,3.30973,0.0,1304,433,-1,0
1665133946.985338,53.4316,0.0,17.0016,-2.5694,12.13,15.6076,-2.39531,51.0451,3.16531,0.0,1272,438,-1,0
1665133946.985338,53.8625,0.0,19.32,-2.5694,16.59,17.8022,-2.41463,50.7782,3.18463,0.0,1320,436,-1,0
1665133946.985338,55.5861,0.0,15.456,-4.1199,11.93,14.7753,-3.99352,53.4374,4.76352,0.0,1240,409,-1,0
1665133946.985338,56.017,0.0,16.2288,-4.1199,10.38,15.6148,-4.02448,53.6459,4.79448,0.0,1255,408,-1,0
1665133946.985338,56.4479,0.0,14.2416,-3.4111,12.67,13.8622,-3.35864,54.6162,4.12864,0.0,1216,424,-1,0
1665133946.985338,56.8788,0.0,14.2416,-3.2339,11.02,13.9705,-3.20866,55.0429,3.97866,0.0,1216,427,-1,0
1665133946.985338,57.3097,0.0,16.2288,-3.2339,9.67,15.9911,-3.23297,54.9385,4.00297,0.0,1256,426,-1,0
1665133946.985338,58.6024,0.0,8.5008,-6.8665,9.05,8.60066,-7.00629,57.5429,7.776289999999999,0.0,1102,362,-1,0
1665133946.985338,59.4642,0.0,17.3328,-2.3922,11.52,17.7002,-2.48201,56.7145,3.25201,0.0,1279,441,-1,0
1665133946.985338,59.4642,0.0,9.7152,-2.3922,12.52,10.0259,-2.48201,58.5603,3.25201,0.0,1127,446,-1,0
1665133946.985338,59.8951,0.0,17.7744,-2.3922,14.47,18.2682,-2.5,56.9864,3.27,0.0,1288,441,-1,0
1665133946.985338,61.1878,0.0,11.592,10.8978,19.68,12.0734,11.568,58.8588,-10.798,0.0,1169,701,-1,0
1665133946.985338,62.4805,0.0,11.1504,-2.0378,18.42,12.0752,-2.22173,61.2623,2.99173,0.0,1155,452,-1,0
1665133946.985338,62.9114,0.0,11.1504,-2.3922,12.15,12.1555,-2.6259,61.67,3.3959,0.0,1155,445,-1,0
1665133946.985338,65.9277,0.0,8.5008,-2.0378,16.8,9.73948,-2.34431,65.1622,3.11431,0.0,1104,454,-1,0
1665133946.985338,66.3586,0.0,8.5008,-1.8606,19.86,9.80417,-2.15452,65.595,2.92452,0.0,1104,457,-1,0
1665133946.985338,66.7895,0.0,8.5008,-2.0378,18.55,9.8668,-2.37496,66.014,3.14496,0.0,1104,454,-1,0
1665133946.985338,67.2204,0.0,8.1696,-2.0378,10.9,9.54623,-2.39028,66.4962,3.16028,0.0,1098,454,-1,0
1665133946.985338,70.2367,0.0,8.1696,-3.0567,8.16,9.9667,-3.74531,69.425,4.51531,0.0,1097,434,-1,0
1665133946.985338,106.863,0.0,-5.1888,-3.2339,7.57,-9.64909,-6.02839,106.256,6.79839,0.0,847,437,-1,0
1665133946.985338,118.928,0.0,-5.9616,-3.9427,9.68,-12.3229,-8.17737,118.005,8.94737,0.0,832,424,-1,0
1665133946.985338,119.359,0.0,-5.9616,-3.9427,10.49,-12.3675,-8.207,118.433,8.977,0.0,832,424,-1,0
1665133946.985338,121.083,0.0,-6.2928,-3.9427,10.55,-13.2404,-8.32551,120.069,9.09551,0.0,826,424,-1,0
1665133946.985338,121.514,0.0,-6.2928,-3.9427,11.44,-13.2875,-8.35514,120.496,9.12514,0.0,826,424,-1,0
1665133946.985338,121.945,0.0,-6.2928,-3.9427,9.4,-13.3347,-8.38477,120.923,9.15477,0.0,826,424,-1,0
1665133946.985338,125.392,0.0,-7.0656,-3.5883,12.83,-15.3937,-7.84787,124.196,8.61787,0.0,812,431,-1,0
1665133946.985338,125.823,0.0,-7.0656,-3.5883,13.64,-15.4466,-7.87484,124.622,8.64484,0.0,812,431,-1,0
1665133946.985338,126.254,0.0,-7.0656,-3.4111,9.6,-15.5024,-7.51207,125.073,8.28207,0.0,812,434,-1,0
1665133946.985338,127.546,0.0,-6.624,-3.0567,10.34,-14.692,-6.80131,126.515,7.57131,0.0,820,441,-1,0
1665133946.985338,127.977,0.0,-6.624,-3.0567,13.17,-14.7416,-6.82428,126.942,7.594279999999999,0.0,820,441,-1,0
1665133946.985338,128.408,0.0,-8.9424,-3.4111,11.04,-19.9246,-7.64026,126.623,8.41026,0.0,777,435,-1,0
1665133946.985338,128.839,0.0,-8.9424,-2.5694,12.62,-20.0068,-5.77579,127.145,6.54579,0.0,777,451,-1,0
1665133946.985338,129.27,0.0,-8.5008,-2.9238,14.33,-19.0842,-6.59378,127.683,7.36378,0.0,785,444,-1,0
1665133946.985338,129.701,0.0,-8.5008,-2.7466,13.71,-19.1508,-6.21512,128.129,6.98512,0.0,785,447,-1,0
1665133946.985338,130.132,0.0,-8.5008,-2.215,10.71,-19.2221,-5.02952,128.606,5.799519999999999,0.0,785,457,-1,0
1665133946.985338,153.831,0.0,-15.7872,-2.9238,12.44,-41.7977,-7.84659,147.836,8.61659,0.0,644,446,-1,0
1665133946.985338,154.693,0.0,-16.2288,-3.0567,13.25,-43.1712,-8.24888,148.318,9.01888,0.0,636,443,-1,0
1665133946.985338,155.124,0.0,-16.56,-3.0567,11.34,-44.1504,-8.27186,148.478,9.04186,0.0,629,443,-1,0
1665133946.985338,160.295,0.0,-10.488,-3.5883,12.9,-29.1212,-10.0323,157.308,10.8023,0.0,747,432,-1,0
1665133946.985338,161.587,0.0,-18.1056,-3.7655,12.78,-50.108,-10.6119,153.255,11.3819,0.0,598,430,-1,0
1665133946.985338,162.018,0.0,-17.7744,-3.7655,13.69,-49.3526,-10.6402,153.952,11.4102,0.0,604,430,-1,0
1665133946.985338,162.449,0.0,-17.7744,-3.4111,13.7,-49.503,-9.6657,154.421,10.4357,0.0,605,437,-1,0
1665133946.985338,162.88,0.0,-17.7744,-3.4111,14.19,-49.6343,-9.69133,154.83,10.46133,0.0,605,437,-1,0
1665133946.985338,163.311,0.0,-18.5472,-2.3922,15.46,-51.9017,-6.81655,154.694,7.586550000000001,0.0,589,457,-1,0
1665133946.985338,164.604,0.0,-19.32,-2.7466,14.76,-54.3956,-7.88763,155.156,8.65763,0.0,573,450,-1,0
1665133946.985338,165.035,0.0,-19.32,-2.7466,11.46,-54.538,-7.90827,155.562,8.67827,0.0,573,450,-1,0
1665133946.985338,165.466,0.0,-19.32,-2.7466,10.43,-54.6804,-7.92892,155.968,8.69892,0.0,573,450,-1,0
1665133946.985338,165.896,0.0,-18.9888,-3.0567,15.56,-53.9032,-8.84629,156.646,9.61629,0.0,580,444,-1,0
1665133946.985338,166.327,0.0,-19.32,-3.4111,17.78,-54.9309,-9.89644,156.683,10.66644,0.0,573,437,-1,0
1665133946.985338,166.758,0.0,-18.9888,-2.9238,15.89,-54.1897,-8.50597,157.478,9.27597,0.0,580,446,-1,0
1665133946.985338,167.189,0.0,-18.9888,-2.9238,12.6,-54.3298,-8.52795,157.885,9.29795,0.0,580,446,-1,0
1665133946.985338,167.62,0.0,-18.9888,-2.3922,9.04,-54.4933,-6.9964,158.36,7.766400000000001,0.0,580,457,-1,0
1665133946.985338,168.051,0.0,-18.9888,-2.3922,12.59,-54.6333,-7.01439,158.768,7.78439,0.0,580,457,-1,0
1665133946.985338,168.913,0.0,-19.32,-2.7466,15.4,-55.8196,-8.09411,159.217,8.86411,0.0,573,450,-1,0
1665133946.985338,169.344,0.0,-19.32,-2.9238,14.52,-55.9534,-8.63785,159.599,9.40785,0.0,573,447,-1,0
1665133946.985338,169.775,0.0,-18.5472,-2.9238,10.57,-53.9326,-8.65983,160.747,9.42983,0.0,589,446,-1,0
1665133946.985338,170.206,0.0,-20.0928,-2.9238,11.24,-58.3966,-8.68181,159.638,9.45181,0.0,557,447,-1,0
1665133946.985338,170.636,0.0,-19.7616,-3.5883,12.87,-57.5803,-10.6796,160.272,11.4496,0.0,564,434,-1,0
1665133946.985338,171.067,0.0,-20.0928,-3.5883,11.88,-58.6535,-10.7065,160.341,11.4765,0.0,557,434,-1,0
1665133946.985338,171.498,0.0,-20.0928,-3.5883,9.03,-58.8013,-10.7335,160.745,11.5035,0.0,557,434,-1,0
1665133946.985338,171.929,0.0,-10.488,-3.0567,13.73,-31.2517,-9.16798,168.816,9.93798,0.0,747,442,-1,0
1665133946.985338,172.36,0.0,-10.488,-3.0567,15.69,-31.33,-9.19096,169.239,9.96096,0.0,747,442,-1,0
1665133946.985338,172.791,0.0,-20.0928,-2.9238,15.23,-59.2836,-8.81368,162.063,9.58368,0.0,557,447,-1,0
1665133946.985338,173.222,0.0,-20.0928,-3.0567,13.73,-59.4242,-9.23691,162.448,10.00691,0.0,557,444,-1,0
1665133946.985338,173.653,0.0,-20.0928,-2.9238,11.07,-59.5793,-8.85764,162.871,9.62764,0.0,557,447,-1,0
1665133946.985338,174.084,0.0,-20.976,-2.9238,14.54,-62.2368,-8.87962,162.336,9.64962,0.0,539,447,-1,0
1665133946.985338,174.514,0.0,-20.5344,-2.9238,15.72,-61.1347,-8.9016,163.213,9.6716,0.0,548,447,-1,0
1665133946.985338,174.945,0.0,-20.5344,-2.9238,12.98,-61.2857,-8.92358,163.616,9.69358,0.0,548,447,-1,0
1665133946.985338,175.376,0.0,-20.976,-3.0567,8.62,-62.6913,-9.3518,163.521,10.1218,0.0,539,444,-1,0
1665133946.985338,175.807,0.0,-20.5344,-3.0567,9.29,-61.5801,-9.37477,164.402,10.14477,0.0,548,444,-1,0
1665133946.985338,176.238,0.0,-20.976,-3.0567,10.06,-62.9994,-9.39775,164.325,10.16775,0.0,539,444,-1,0
1665133946.985338,176.669,0.0,-19.32,-2.7466,7.88,-58.3827,-8.46578,166.528,9.23578,0.0,573,450,-1,0
1665133946.985338,177.1,0.0,-19.7616,-2.7466,9.77,-59.81,-8.48642,166.479,9.25642,0.0,564,450,-1,0
1665133946.985338,177.531,0.0,-20.0928,-2.7466,10.66,-60.9192,-8.50707,166.534,9.27707,0.0,557,450,-1,0
1665133946.985338,177.531,0.0,-10.488,-3.0567,9.03,-32.2699,-9.46668,174.316,10.23668,0.0,747,442,-1,0
1665133946.985338,177.962,0.0,-10.488,-3.0567,8.05,-32.3482,-9.48966,174.74,10.25966,0.0,747,442,-1,0
1665133946.985338,178.393,0.0,-10.488,-2.9238,10.98,-32.4305,-9.09941,175.184,9.86941,0.0,747,444,-1,0
1665133946.985338,184.425,0.0,-22.9632,-2.3922,14.61,-71.8889,-7.69784,169.663,8.46784,0.0,497,458,-1,0
1665133946.985338,184.856,0.0,-22.5216,-2.7466,14.33,-70.7244,-8.85809,170.562,9.62809,0.0,506,451,-1,0
1665133946.985338,185.287,0.0,-22.5216,-2.9238,10.82,-70.8784,-9.45108,170.933,10.22108,0.0,506,447,-1,0
1665133946.985338,185.718,0.0,-23.2944,-2.7466,9.83,-73.3588,-8.89939,170.383,9.66939,0.0,490,451,-1,0
1665133946.985338,11.6343,0.0,-39.0816,0.6645,5.03,-7.33408,0.134928,9.03051,0.6350720000000001,0.0,98,543,0,1
1665133946.985338,12.0652,0.0,-38.1984,0.1329,13.95,-7.46094,0.0279857,9.4817,0.7420143,0.0,123,529,0,1
1665133946.985338,12.4961,0.0,-38.1984,0.1329,15.31,-7.7274,0.0289852,9.82034,0.7410148,0.0,123,529,0,1
1665133946.985338,12.4961,0.0,-32.2368,0.1329,16.87,-6.66565,0.0289852,10.5698,0.7410148,0.0,284,524,0,1
1665133946.985338,12.927,0.0,-32.2368,0.3101,17.44,-6.89541,0.069964,10.9342,0.700036,0.0,284,527,0,1
1665133946.985338,13.3579,0.0,-32.2368,0.3101,15.26,-7.12526,0.0722962,11.2986,0.6977038,0.0,284,527,0,1
1665133946.985338,14.2197,0.0,4.0848,-14.619,12.84,0.980117,-3.58891,13.7244,4.35891,0.0,1015,222,-1,0
1665133946.985338,14.6506,0.0,4.416,-0.4873,16.28,1.12802,-0.124602,14.6066,0.894602,0.0,1027,491,0,4
1665133946.985338,15.0815,0.0,7.0656,-0.1329,15.66,1.8551,-0.0349821,14.9669,0.8049821,0.0,1077,496,0,4
1665133946.985338,15.5124,0.0,1.7664,-0.1329,13.34,0.478162,-0.0359816,15.505,0.8059816,0.0,977,498,0,4
1665133946.985338,15.9433,0.0,1.7664,-0.6645,11.37,0.491413,-0.184902,15.9347,0.954902,0.0,977,488,0,4
1665133946.985338,16.3742,0.0,0.0,-5.6704,12.51,0.0,-1.61786,16.2941,2.38786,0.0,942,396,0,4
1665133946.985338,16.8051,0.0,0.0,-1.6834,13.61,0.0,-0.493677,16.7978,1.263677,0.0,944,470,0,4
1665133946.985338,17.236,0.0,-0.3312,-1.6834,12.01,-0.0995897,-0.506336,17.2283,1.276336,0.0,938,470,0,4
1665133946.985338,17.6669,0.0,-1.4352,-16.2138,10.46,-0.424892,-4.93299,16.9589,5.70299,0.0,911,193,-1,0
1665133946.985338,18.0978,0.0,-1.7664,0.3101,11.35,-0.55785,0.0979496,18.0889,0.6720504,0.0,912,507,0,4
1665133946.985338,18.5287,0.0,-2.5392,-0.1329,9.71,-0.820873,-0.0429781,18.5105,0.8129781,0.0,897,499,0,4
1665133946.985338,18.9596,0.0,-2.5392,-4.6072,9.49,-0.837251,-1.52291,18.8798,2.29291,0.0,896,416,-1,0
1665133946.985338,29.7321,0.0,-31.7952,-2.3922,14.62,-15.6517,-1.24101,25.2484,2.01101,0.0,293,463,-1,0
1665133946.985338,30.163,0.0,-31.3536,-2.3922,18.46,-15.6807,-1.25899,25.7359,2.0289900000000003,0.0,304,463,-1,0
1665133946.985338,30.5939,0.0,-31.7952,-2.5694,16.39,-16.1032,-1.37151,25.9767,2.14151,0.0,293,459,-1,0
1665133946.985338,31.0248,0.0,-31.7952,-2.5694,8.74,-16.3301,-1.39083,26.3426,2.16083,0.0,293,459,-1,0
1665133946.985338,35.3338,0.0,-29.1456,-1.8606,10.4,-17.1996,-1.14721,30.8437,1.91721,0.0,358,473,-1,0
1665133946.985338,35.7647,0.0,-29.1456,-1.8606,8.15,-17.4093,-1.1612,31.2199,1.9312,0.0,358,473,-1,0
1665133946.985338,36.6265,0.0,-29.5872,-2.5694,11.04,-18.0661,-1.64195,31.8186,2.41195,0.0,347,458,-1,0
1665133946.985338,37.0574,0.0,-29.1456,-2.5694,11.26,-18.0299,-1.66126,32.3328,2.43126,0.0,357,458,-1,0
1665133946.985338,37.4883,0.0,-29.5872,-2.5694,11.86,-18.4911,-1.68058,32.5672,2.45058,0.0,347,458,-1,0
1665133946.985338,37.9192,0.0,46.2576,-1.8606,12.65,27.3805,-1.23116,26.2042,2.00116,0.0,2084,420,-1,0
1665133946.985338,38.3501,0.0,45.7056,-1.8606,10.88,27.435,-1.24515,26.7675,2.01515,0.0,2062,421,-1,0
1665133946.985338,38.781,0.0,45.7056,-2.0378,8.51,27.7404,-1.37901,27.0654,2.14901,0.0,2062,416,-1,0
1665133946.985338,39.2119,0.0,45.7056,-2.3922,16.5,28.0419,-1.63669,27.3596,2.40669,0.0,2061,406,-1,0
1665133946.985338,39.6428,0.0,45.7056,-3.4111,20.24,28.3245,-2.35874,27.6353,3.12874,0.0,2061,378,-1,0
1665133946.985338,47.399,0.0,24.1776,-4.2971,8.21,19.3585,-3.55152,43.1196,4.32152,0.0,1426,397,-1,0
1665133946.985338,47.8299,0.0,23.2944,-4.2971,7.39,18.8614,-3.58381,43.8076,4.35381,0.0,1406,398,-1,0
1665133946.985338,48.2608,0.0,22.9632,-4.2971,8.0,18.7755,-3.6161,44.3115,4.3861,0.0,1399,398,-1,0
1665133946.985338,48.6917,0.0,22.9632,-4.1199,13.56,18.9475,-3.4982,44.7173,4.2682,0.0,1399,402,-1,0
1665133946.985338,49.1226,0.0,22.5216,-3.2339,16.99,18.7856,-2.77112,45.304,3.54112,0.0,1390,420,-1,0
1665133946.985338,49.5535,0.0,21.7488,9.1258,16.09,18.129,7.85932,45.4436,-7.089320000000001,0.0,1378,672,-1,0
1665133946.985338,49.9844,0.0,20.976,-3.2339,11.52,17.8648,-2.81973,46.5976,3.58973,0.0,1356,422,-1,0
1665133946.985338,50.4153,0.0,20.976,-3.0567,10.4,18.0218,-2.68835,47.0073,3.45835,0.0,1356,425,-1,0
1665133946.985338,50.8462,0.0,20.0928,-3.0567,12.89,17.4429,-2.71133,47.6836,3.48133,0.0,1337,426,-1,0
1665133946.985338,51.2771,0.0,19.32,-3.0567,10.13,16.9406,-2.73431,48.3206,3.50431,0.0,1320,427,-1,0
1665133946.985338,51.708,0.0,18.5472,-3.0567,10.31,16.4242,-2.75729,48.9526,3.52729,0.0,1304,427,-1,0
1665133946.985338,52.1389,0.0,18.5472,-3.0567,11.76,16.561,-2.78026,49.3606,3.55026,0.0,1304,427,-1,0
1665133946.985338,52.5698,0.0,18.5472,-3.0567,20.52,16.6979,-2.80324,49.7685,3.57324,0.0,1304,427,-1,0
1665133946.985338,53.0007,0.0,18.5472,-2.7466,23.04,16.8394,-2.53973,50.1902,3.30973,0.0,1304,433,-1,0
1665133946.985338,53.4316,0.0,17.0016,-2.9238,20.56,15.603,-2.72543,51.0299,3.49543,0.0,1272,431,-1,0
1665133946.985338,53.8625,0.0,19.32,-2.9238,14.39,17.7969,-2.74741,50.7631,3.51741,0.0,1320,429,-1,0
1665133946.985338,55.5861,0.0,15.456,-3.5883,13.11,14.7846,-3.47895,53.4708,4.248950000000001,0.0,1240,419,-1,0
1665133946.985338,56.017,0.0,16.2288,-3.5883,12.12,15.6246,-3.50592,53.6795,4.27592,0.0,1256,419,-1,0
1665133946.985338,56.4479,0.0,14.2416,-2.7466,12.5,13.8709,-2.70492,54.6502,3.47492,0.0,1216,437,-1,0
1665133946.985338,56.8788,0.0,14.2416,-3.0567,9.72,13.9729,-3.03302,55.0523,3.80302,0.0,1216,431,-1,0
1665133946.985338,57.3097,0.0,16.2288,-3.0567,11.62,15.9938,-3.05599,54.9478,3.82599,0.0,1256,429,-1,0
1665133946.985338,58.1715,0.0,19.32,-6.202,8.89,19.133,-6.2845,54.5743,7.054500000000001,0.0,1319,364,-1,0
1665133946.985338,61.6187,0.0,11.1504,-3.4111,10.4,11.895,-3.6663,60.3484,4.4363,0.0,1155,426,-1,0
1665133946.985338,62.0496,0.0,11.1504,-3.4111,19.69,11.9782,-3.69194,60.7704,4.46194,0.0,1155,426,-1,0
1665133946.985338,62.4805,0.0,11.1504,3.2339,22.9,12.0636,3.52466,61.2034,-2.75466,0.0,1157,552,-1,0
1665133946.985338,62.9114,0.0,10.8192,3.2339,22.14,11.7903,3.54897,61.6947,-2.77897,0.0,1151,553,-1,0
1665133946.985338,63.3423,0.0,10.488,2.5694,18.51,11.5186,2.8396,62.2214,-2.0696,0.0,1144,540,-1,0
1665133946.985338,66.3586,0.0,8.5008,-2.215,10.75,9.80201,-2.56472,65.5805,3.33472,0.0,1104,450,-1,0
1665133946.985338,66.7895,0.0,8.5008,-2.215,16.28,9.86566,-2.58138,66.0064,3.35138,0.0,1104,450,-1,0
1665133946.985338,105.571,0.0,-5.9616,-3.0567,8.8,-10.9492,-5.62946,104.85,6.39946,0.0,833,441,-1,0
1665133946.985338,106.001,0.0,-5.9616,-2.7466,9.04,-10.9969,-5.07947,105.307,5.84947,0.0,833,447,-1,0
1665133946.985338,118.928,0.0,-5.9616,-3.9427,9.32,-12.3229,-8.17737,118.005,8.94737,0.0,832,424,-1,0
1665133946.985338,119.359,0.0,-5.9616,-3.9427,9.96,-12.3675,-8.207,118.433,8.977,0.0,832,424,-1,0
1665133946.985338,119.79,0.0,-5.52,-3.9427,8.77,-11.4957,-8.23663,118.953,9.00663,0.0,841,424,-1,0
1665133946.985338,121.083,0.0,-6.2928,-3.9427,9.15,-13.2404,-8.32551,120.069,9.09551,0.0,826,424,-1,0
1665133946.985338,121.514,0.0,-6.2928,-4.2971,10.93,-13.2816,-9.10482,120.442,9.87482,0.0,826,418,-1,0
1665133946.985338,121.945,0.0,-6.2928,-4.2971,7.26,-13.3287,-9.1371,120.869,9.9071,0.0,826,418,-1,0
1665133946.985338,125.392,0.0,-7.0656,-3.7655,11.51,-15.3906,-8.23487,124.171,9.00487,0.0,812,428,-1,0
1665133946.985338,125.823,0.0,-7.0656,-3.7655,12.71,-15.4435,-8.26317,124.598,9.03317,0.0,812,428,-1,0
1665133946.985338,126.254,0.0,-7.0656,-3.7655,9.88,-15.4964,-8.29147,125.024,9.06147,0.0,812,428,-1,0
1665133946.985338,127.546,0.0,-6.2928,-2.9238,11.99,-13.9621,-6.50586,126.613,7.27586,0.0,827,443,-1,0
1665133946.985338,127.977,0.0,-6.624,-2.9238,12.62,-14.7434,-6.52784,126.958,7.297840000000001,0.0,820,443,-1,0
1665133946.985338,128.408,0.0,-8.9424,-3.0567,9.72,-19.9316,-6.84726,126.667,7.61726,0.0,777,442,-1,0
1665133946.985338,128.408,0.0,-6.2928,-3.0567,9.99,-14.0547,-6.84726,127.453,7.61726,0.0,827,441,-1,0
1665133946.985338,128.839,0.0,-8.1696,-3.0567,9.3,-18.2825,-6.87024,127.35,7.64024,0.0,791,441,-1,0
1665133946.985338,129.27,0.0,-8.1696,-3.0567,12.74,-18.3436,-6.89322,127.776,7.663220000000001,0.0,791,441,-1,0
1665133946.985338,129.701,0.0,-8.1696,-2.9238,11.88,-18.407,-6.61576,128.218,7.385759999999999,0.0,791,444,-1,0
1665133946.985338,130.132,0.0,-8.5008,-2.5694,12.3,-19.2172,-5.83374,128.573,6.60374,0.0,785,451,-1,0
1665133946.985338,130.563,0.0,-8.1696,-2.5694,14.25,-18.5348,-5.85306,129.108,6.623060000000001,0.0,792,451,-1,0
1665133946.985338,153.831,0.0,-15.7872,-3.0567,12.19,-41.7926,-8.20293,147.818,8.97293,0.0,644,443,-1,0
1665133946.985338,154.262,0.0,-17.0016,-3.0567,12.11,-45.0418,-8.2259,147.311,8.995899999999999,0.0,620,444,-1,0
1665133946.985338,154.693,0.0,-16.2288,-3.0567,8.7,-43.1712,-8.24888,148.318,9.01888,0.0,636,443,-1,0
1665133946.985338,155.124,0.0,-16.56,-3.0567,10.67,-44.1504,-8.27186,148.478,9.04186,0.0,629,443,-1,0
1665133946.985338,160.295,0.0,-10.488,-3.5883,11.37,-29.1212,-10.0323,157.308,10.8023,0.0,747,432,-1,0
1665133946.985338,160.295,0.0,-17.3328,-3.9427,10.13,-47.6422,-11.0217,152.654,11.7917,0.0,613,426,-1,0
1665133946.985338,161.587,0.0,-18.1056,-3.7655,12.74,-50.108,-10.6119,153.255,11.3819,0.0,598,430,-1,0
1665133946.985338,162.018,0.0,-17.7744,-3.7655,13.42,-49.3526,-10.6402,153.952,11.4102,0.0,604,430,-1,0
1665133946.985338,162.449,0.0,-17.7744,-3.5883,13.71,-49.4937,-10.1672,154.392,10.9372,0.0,604,433,-1,0
1665133946.985338,162.88,0.0,-17.7744,-2.7466,14.22,-49.6653,-7.80503,154.927,8.57503,0.0,605,450,-1,0
1665133946.985338,164.604,0.0,-19.32,-2.7466,14.11,-54.3956,-7.88763,155.156,8.65763,0.0,573,450,-1,0
1665133946.985338,165.035,0.0,-19.32,-2.7466,11.56,-54.538,-7.90827,155.562,8.67827,0.0,573,450,-1,0
1665133946.985338,165.466,0.0,-19.32,-2.7466,10.37,-54.6804,-7.92892,155.968,8.69892,0.0,573,450,-1,0
1665133946.985338,165.896,0.0,-19.32,-2.7466,15.14,-54.8228,-7.94957,156.374,8.71957,0.0,573,450,-1,0
1665133946.985338,166.327,0.0,-19.32,-3.0567,17.81,-54.9501,-8.86927,156.737,9.63927,0.0,573,444,-1,0
1665133946.985338,166.758,0.0,-18.9888,-3.0567,16.48,-54.1832,-8.89225,157.459,9.66225,0.0,580,444,-1,0
1665133946.985338,167.189,0.0,-18.9888,-3.0567,12.9,-54.3232,-8.91523,157.866,9.68523,0.0,580,444,-1,0
1665133946.985338,167.62,0.0,-18.9888,-2.5694,9.83,-54.486,-7.51432,158.339,8.28432,0.0,580,453,-1,0
1665133946.985338,168.051,0.0,-18.9888,-2.5694,12.48,-54.626,-7.53364,158.746,8.30364,0.0,580,453,-1,0
1665133946.985338,168.482,0.0,-16.2288,-2.3922,16.55,-47.0452,-7.03237,161.627,7.80237,0.0,636,456,-1,0
1665133946.985338,168.913,0.0,-18.9888,-2.7466,17.11,-54.8983,-8.09411,159.537,8.86411,0.0,580,450,-1,0
1665133946.985338,169.344,0.0,-18.9888,-3.0567,15.3,-55.0232,-9.03011,159.901,9.80011,0.0,580,444,-1,0
1665133946.985338,169.775,0.0,-18.5472,-2.9238,10.31,-53.9326,-8.65983,160.747,9.42983,0.0,589,446,-1,0
1665133946.985338,171.929,0.0,-10.488,-3.2339,12.78,-31.2463,-9.69891,168.787,10.46891,0.0,747,439,-1,0
1665133946.985338,172.36,0.0,-10.488,-3.0567,15.87,-31.33,-9.19096,169.239,9.96096,0.0,747,442,-1,0
1665133946.985338,172.791,0.0,-20.0928,-2.9238,15.19,-59.2836,-8.81368,162.063,9.58368,0.0,557,447,-1,0
1665133946.985338,173.222,0.0,-20.0928,-2.9238,11.1,-59.4314,-8.83566,162.467,9.60566,0.0,557,447,-1,0
1665133946.985338,173.653,0.0,-20.0928,-3.0567,11.4,-59.5721,-9.25989,162.852,10.02989,0.0,557,444,-1,0
1665133946.985338,174.084,0.0,-20.5344,-2.9238,14.74,-60.9838,-8.87962,162.81,9.64962,0.0,548,447,-1,0
1665133946.985338,174.514,0.0,-20.0928,-2.9238,15.47,-59.875,-8.9016,163.68,9.6716,0.0,557,447,-1,0
1665133946.985338,174.945,0.0,-20.5344,-3.0567,12.63,-61.2782,-9.32882,163.597,10.09882,0.0,548,444,-1,0
1665133946.985338,175.807,0.0,-20.976,-3.0567,10.7,-62.8454,-9.37477,163.923,10.14477,0.0,539,444,-1,0
1665133946.985338,176.238,0.0,-20.976,-3.0567,11.09,-62.9994,-9.39775,164.325,10.16775,0.0,539,444,-1,0
1665133946.985338,177.962,0.0,-10.488,-3.0567,10.36,-32.3482,-9.48966,174.74,10.25966,0.0,747,442,-1,0
1665133946.985338,178.393,0.0,-10.488,-2.9238,9.46,-32.4305,-9.09941,175.184,9.86941,0.0,747,444,-1,0
1665133946.985338,184.425,0.0,-22.5216,-2.9238,16.04,-70.5487,-9.40712,170.138,10.17712,0.0,506,447,-1,0
1665133946.985338,184.856,0.0,-22.5216,-2.9238,15.01,-70.7136,-9.4291,170.536,10.1991,0.0,506,447,-1,0
1665133946.985338,185.287,0.0,-22.5216,-3.0567,9.91,-70.8698,-9.88028,170.913,10.65028,0.0,506,444,-1,0
1665133946.985338,185.718,0.0,-22.5216,-3.0567,10.02,-71.0346,-9.90325,171.31,10.67325,0.0,506,444,-1,0
